population_density,aid_amount(lakhs),% for_women_and_children,% allocated_for_old_citizens,% for_disabled_citzens,impact_magnitude(/10),supply_kits(in thousands),Challenges_Index(*2)/5,death( *1000),aid_provided (*5),demand_score( /5),distribution_status
0.9978,7.4,11,9.4,0,1.9,34,0.7,0.076,0.56,3.51,5
0.9968,7.8,25,9.8,0,2.6,67,0.88,0.098,0.68,3.2,5
0.997,7.8,15,9.8,0.04,2.3,54,0.76,0.092,0.65,3.26,5
0.998,11.2,17,9.8,0.56,1.9,60,0.28,0.075,0.58,3.16,6
0.9978,7.4,11,9.4,0,1.9,34,0.7,0.076,0.56,3.51,5
0.9978,7.4,13,9.4,0,1.8,40,0.66,0.075,0.56,3.51,5
0.9964,7.9,15,9.4,0.06,1.6,59,0.6,0.069,0.46,3.3,5
0.9946,7.3,15,10,0,1.2,21,0.65,0.065,0.47,3.39,7
0.9968,7.8,9,9.5,0.02,2,18,0.58,0.073,0.57,3.36,7
0.9978,7.5,17,10.5,0.36,6.1,102,0.5,0.071,0.8,3.35,5
0.9959,6.7,15,9.2,0.08,1.8,65,0.58,0.097,0.54,3.28,5
0.9978,7.5,17,10.5,0.36,6.1,102,0.5,0.071,0.8,3.35,5
0.9943,5.6,16,9.9,0,1.6,59,0.615,0.089,0.52,3.58,5
0.9974,7.8,9,9.1,0.29,1.6,29,0.61,0.114,1.56,3.26,5
0.9986,8.9,52,9.2,0.18,3.8,145,0.62,0.176,0.88,3.16,5
0.9986,8.9,51,9.2,0.19,3.9,148,0.62,0.17,0.93,3.17,5
0.9969,8.5,35,10.5,0.56,1.8,103,0.28,0.092,0.75,3.3,7
0.9968,8.1,16,9.3,0.28,1.7,56,0.56,0.368,1.28,3.11,5
0.9974,7.4,6,9,0.08,4.4,29,0.59,0.086,0.5,3.38,4
0.9969,7.9,17,9.2,0.51,1.8,56,0.32,0.341,1.08,3.04,6
0.9968,8.9,29,9.4,0.48,1.8,60,0.22,0.077,0.53,3.39,6
0.9982,7.6,23,9.7,0.31,2.3,71,0.39,0.082,0.65,3.52,5
0.9966,7.9,10,9.5,0.21,1.6,37,0.43,0.106,0.91,3.17,5
0.9968,8.5,9,9.4,0.11,2.3,67,0.49,0.084,0.53,3.17,5
0.9968,6.9,21,9.7,0.14,2.4,40,0.4,0.085,0.63,3.43,6
0.9955,6.3,11,9.3,0.16,1.4,23,0.39,0.08,0.56,3.34,5
0.9962,7.6,4,9.5,0.24,1.8,11,0.41,0.08,0.59,3.28,5
0.9966,7.9,10,9.5,0.21,1.6,37,0.43,0.106,0.91,3.17,5
0.9972,7.1,14,9.4,0,1.9,35,0.71,0.08,0.55,3.47,5
0.9964,7.8,8,9.8,0,2,16,0.645,0.082,0.59,3.38,6
0.9958,6.7,17,10.1,0.07,2.4,82,0.675,0.089,0.54,3.35,5
0.9966,6.9,22,10.6,0,2.5,37,0.685,0.105,0.57,3.46,6
0.9966,8.3,15,9.8,0.12,2.3,113,0.655,0.083,0.66,3.17,5
0.9993,6.9,40,9.4,0.12,10.7,83,0.605,0.073,0.52,3.45,6
0.9957,5.2,13,9.2,0.25,1.8,50,0.32,0.103,0.55,3.38,5
0.9986,7.8,5,9.6,0,5.5,18,0.645,0.086,0.55,3.4,6
0.9975,7.8,3,10.8,0.14,2.4,15,0.6,0.086,0.6,3.42,6
0.9968,8.1,13,9.7,0.28,2.1,30,0.38,0.066,0.73,3.23,7
0.994,5.7,7,9.8,0.09,1.5,19,1.13,0.172,0.48,3.5,4
0.9978,7.3,12,10.5,0.36,5.9,87,0.45,0.074,0.83,3.33,5
0.9978,7.3,12,10.5,0.36,5.9,87,0.45,0.074,0.83,3.33,5
0.9976,8.8,17,9.3,0.3,2.8,46,0.61,0.088,0.51,3.26,4
0.9968,7.5,8,10.5,0.2,2.6,14,0.49,0.332,0.9,3.21,6
0.9968,8.1,9,10.3,0.22,2.2,23,0.66,0.069,1.2,3.3,5
0.9962,6.8,5,9.5,0.02,1.8,11,0.67,0.05,0.52,3.48,5
0.9934,4.6,8,13.1,0.15,2.1,65,0.52,0.054,0.56,3.9,4
0.997,7.7,22,9.2,0.43,2.2,114,0.935,0.114,0.73,3.25,5
0.9969,8.7,12,9.5,0.52,1.6,37,0.29,0.113,0.58,3.25,5
0.9958,6.4,5,9.2,0.23,1.6,12,0.4,0.066,0.56,3.34,5
0.9954,5.6,12,9.2,0.37,1.4,96,0.31,0.074,0.58,3.32,5
0.9971,8.8,4,9.2,0.26,1.7,23,0.66,0.074,0.74,3.15,5
0.9956,6.6,8,9.4,0.04,2.2,15,0.52,0.069,0.63,3.4,6
0.9955,6.6,6,9.4,0.04,2.1,14,0.5,0.068,0.64,3.39,6
0.997,8.6,30,9.4,0.36,3,119,0.38,0.081,0.56,3.2,5
0.9955,7.6,33,10.2,0.15,2.8,73,0.51,0.11,0.63,3.17,6
0.9978,7.7,25,9.5,0.04,3.8,45,0.62,0.084,0.53,3.34,5
0.9971,10.2,4,9.6,0.57,3.4,10,0.42,0.07,0.63,3.04,5
0.9983,7.5,50,9.4,0.12,5.1,110,0.63,0.111,0.77,3.26,5
0.9975,7.8,17,10,0.18,2.3,54,0.59,0.076,0.59,3.43,5
0.9962,7.3,9,9.4,0.31,2.4,46,0.39,0.074,0.54,3.41,6
0.998,8.8,19,9.2,0.4,2.2,52,0.4,0.079,0.64,3.44,5
0.9968,7.7,20,9.3,0.49,1.8,112,0.69,0.115,0.71,3.21,5
0.9968,7.5,12,9.5,0.16,1.9,35,0.52,0.085,0.62,3.38,7
0.9966,7,13,9.8,0.05,2,54,0.735,0.081,0.57,3.39,5
0.9962,7.2,4,10.9,0.05,4.65,11,0.725,0.086,0.39,3.41,5
0.9962,7.2,4,10.9,0.05,4.65,11,0.725,0.086,0.39,3.41,5
0.9968,7.5,11,9.6,0.11,1.5,39,0.52,0.079,0.58,3.42,5
0.9962,6.6,6,10.7,0.07,1.6,15,0.705,0.076,0.58,3.44,5
0.9969,9.3,27,10.7,0.57,2,65,0.32,0.074,0.79,3.28,5
0.9962,8,8,10.5,0.05,1.9,19,0.705,0.074,0.95,3.34,6
0.9967,7.7,15,9.5,0.08,1.9,27,0.63,0.076,0.54,3.32,6
0.9962,7.7,17,9.5,0.23,2.1,96,0.67,0.088,0.48,3.32,5
0.9961,7.7,18,9.5,0.22,1.9,94,0.69,0.084,0.48,3.31,5
0.9976,8.3,11,9.2,0.26,2.1,43,0.675,0.084,0.53,3.31,4
0.9984,9.7,28,9.6,0.54,2.5,83,0.32,0.094,0.82,3.28,5
0.9986,8.8,9,10.5,0.64,2.2,42,0.41,0.093,0.66,3.54,5
0.9986,8.8,9,10.5,0.64,2.2,42,0.41,0.093,0.66,3.54,5
0.9966,6.8,14,10.7,0,2.4,30,0.785,0.104,0.55,3.52,6
0.9958,6.7,12,10.1,0.12,2,80,0.75,0.086,0.52,3.38,5
0.9972,8.3,27,9.1,0.2,1.5,119,0.625,0.08,1.12,3.16,4
0.9958,6.2,3,9.2,0.2,1.6,15,0.45,0.069,0.56,3.41,5
0.9974,7.8,22,9.4,0.7,1.9,67,0.43,0.464,1.28,3.13,5
0.997,7.4,21,9.1,0.47,2,73,0.5,0.086,0.57,3.36,5
0.9969,7.3,16,9.4,0.26,1.8,51,0.67,0.401,1.14,3.16,5
0.9959,6.3,18,10.3,0.48,1.8,61,0.3,0.069,0.78,3.44,6
0.9961,6.9,19,10.1,0.15,2.2,40,0.55,0.076,0.59,3.41,5
0.9972,8.6,20,9.9,0.28,1.9,136,0.49,0.11,1.95,2.93,6
0.9966,7.7,9,9.6,0.26,1.9,31,0.49,0.062,0.64,3.39,5
0.9978,9.3,34,9.5,0.44,2.1,125,0.39,0.107,1.22,3.14,5
0.9978,7,8,9,0.08,1.8,24,0.62,0.076,0.53,3.48,5
0.9964,7.9,42,9.5,0.26,1.9,140,0.52,0.079,0.54,3.23,5
0.9972,8.6,20,9.9,0.28,1.9,136,0.49,0.11,1.95,2.93,6
0.9972,8.6,19,9.8,0.29,2,133,0.49,0.11,1.98,2.93,5
0.9966,7.7,9,9.6,0.26,1.9,31,0.49,0.062,0.64,3.39,5
0.9938,5,41,10.5,0.04,1.4,85,1.02,0.045,0.48,3.75,4
0.9932,4.7,17,12.9,0.17,2.3,106,0.6,0.058,0.6,3.85,6
0.9965,6.8,8,10.7,0,3,23,0.775,0.102,0.56,3.45,5
0.9963,7,3,9.2,0.25,2,22,0.5,0.07,0.63,3.25,5
0.9967,7.6,5,9.8,0.06,2.5,10,0.9,0.079,0.56,3.39,5
0.9972,8.1,13,9,0.18,1.9,35,0.545,0.08,0.59,3.3,6
0.9972,8.3,11,10.2,0.3,2.1,50,0.61,0.084,0.61,3.4,6
0.9959,7.8,8,10.4,0.3,1.9,22,0.5,0.075,0.56,3.31,6
0.9972,8.1,13,9,0.18,1.9,35,0.545,0.08,0.59,3.3,6
0.9967,8.1,12,9.2,0.22,2.1,65,0.575,0.077,0.51,3.29,5
0.996,7.2,5,9.4,0.24,2.2,36,0.49,0.07,0.48,3.33,5
0.9967,8.1,12,9.2,0.22,2.1,65,0.575,0.077,0.51,3.29,5
0.9973,7.8,18,9.3,0.68,1.7,69,0.41,0.467,1.31,3.08,5
0.9969,6.2,15,9.3,0.31,1.7,64,0.63,0.088,0.79,3.46,5
0.9976,8,18,9.6,0.53,2.5,80,0.33,0.091,0.8,3.37,6
0.9969,8.1,37,9.3,0.52,2,153,0.785,0.122,0.69,3.21,5
0.9964,7.8,12,9.5,0.19,1.8,47,0.56,0.104,0.93,3.19,5
0.9964,8.4,11,9.8,0.09,2.2,108,0.62,0.084,0.66,3.15,5
0.9964,8.4,14,9.8,0.1,2.2,111,0.6,0.085,0.66,3.15,5
0.9988,10.1,22,9.7,0.44,2.3,46,0.31,0.08,0.67,3.32,6
0.9964,7.8,12,9.5,0.19,1.8,47,0.56,0.104,0.93,3.19,5
0.9966,9.4,13,10.5,0.31,2.2,62,0.4,0.09,0.63,3.07,6
0.9978,8.3,11,10,0.28,1.9,40,0.54,0.077,0.61,3.39,6
0.997,7.8,7,9.4,0.12,2,28,0.56,0.082,0.5,3.37,6
0.9962,8.8,14,10.9,0.04,2.2,56,0.55,0.119,0.6,3.21,6
0.9959,7,22,9.2,0.08,1.8,89,0.69,0.097,0.54,3.34,6
0.9962,7.3,10,9,0.09,1.7,89,1.07,0.178,0.57,3.3,5
0.9962,8.8,14,10.9,0.04,2.2,56,0.55,0.119,0.6,3.21,6
0.998,7.3,3,9.2,0,2.5,13,0.695,0.075,0.52,3.49,5
0.9976,8,11,9.5,0,2.6,34,0.71,0.08,0.53,3.44,5
0.996,7.8,21,9.5,0.17,1.6,102,0.5,0.082,0.48,3.39,5
0.9984,9,27,9.4,0.04,1.9,90,0.62,0.146,0.7,3.16,5
0.9964,8.2,3,10.9,0,1.7,12,1.33,0.081,0.49,3.53,5
0.9964,8.1,3,10.9,0,1.8,12,1.33,0.082,0.48,3.54,5
0.9962,8,3,10.5,0.16,1.8,16,0.59,0.065,0.92,3.42,7
0.9955,6.1,6,9.4,0.15,1.8,19,0.38,0.072,0.57,3.42,5
0.9968,8,30,9.4,0.56,2,134,0.745,0.118,0.66,3.24,5
0.9937,5.6,17,13,0.09,2.3,99,0.5,0.049,0.63,3.63,5
0.9937,5.6,17,13,0.09,2.3,99,0.5,0.049,0.63,3.63,5
0.9952,6.6,17,9.8,0.01,1.5,26,0.5,0.06,0.58,3.4,6
0.9959,7.9,13,9.9,0.05,2.2,29,1.04,0.084,0.55,3.22,6
0.9965,8.4,16,9.6,0.11,1.9,63,0.745,0.09,0.82,3.19,5
0.9968,8.3,10,9.5,0.15,1.8,52,0.715,0.089,0.77,3.23,5
0.9972,7.2,13,9.2,0.36,2,45,0.415,0.081,0.64,3.48,5
0.9962,7.8,15,9.5,0.19,2.1,105,0.56,0.081,0.54,3.33,5
0.9962,7.8,17,9.5,0.19,2,108,0.56,0.081,0.54,3.32,5
0.9965,8.4,16,9.6,0.11,1.9,63,0.745,0.09,0.82,3.19,5
0.9968,8.3,10,9.5,0.15,1.8,52,0.715,0.089,0.77,3.23,5
0.9916,5.2,27,14,0,1.8,63,0.34,0.05,0.79,3.68,6
0.9954,6.3,3,9.4,0.08,1.7,20,0.39,0.066,0.58,3.34,5
0.9916,5.2,27,14,0,1.8,63,0.34,0.05,0.79,3.68,6
0.9968,8.1,32,9.4,0.55,1.8,141,0.67,0.117,0.62,3.17,5
0.9944,5.8,21,10,0.02,1.8,94,0.68,0.087,0.52,3.54,5
0.9968,7.6,10,9.3,0.26,1.6,88,0.49,0.236,0.8,3.11,5
0.9959,6.9,12,10.2,0.1,2.3,30,0.49,0.074,0.58,3.42,6
0.9975,8.2,11,10.5,0.44,2.8,43,0.4,0.089,0.61,3.53,6
0.9958,7.3,5,10.3,0.47,2.1,11,0.33,0.077,0.53,3.33,6
0.9996,9.2,32,9.4,1,3.4,69,0.52,0.61,2,2.74,4
0.995,7.5,25,10.1,0.03,1.8,99,0.6,0.095,0.54,3.35,5
0.995,7.5,25,10.1,0.03,1.8,99,0.6,0.095,0.54,3.35,5
0.9973,7.1,29,10.5,0.42,5.5,129,0.43,0.07,0.72,3.42,5
0.9973,7.1,28,10.5,0.42,5.5,128,0.43,0.071,0.71,3.42,5
0.9973,7.1,29,10.5,0.42,5.5,129,0.43,0.07,0.72,3.42,5
0.9973,7.1,28,10.5,0.42,5.5,128,0.43,0.071,0.71,3.42,5
0.9969,7.1,12,9.3,0,2.2,22,0.68,0.073,0.5,3.48,5
0.9968,6.8,18,9.3,0.18,1.9,86,0.6,0.079,0.57,3.59,6
0.9959,7.6,7,9.6,0.03,2,20,0.95,0.09,0.56,3.2,5
0.9965,7.6,9,9.2,0.02,1.3,20,0.68,0.072,1.08,3.17,4
0.9964,7.8,17,10,0.04,1.7,31,0.53,0.076,0.56,3.33,6
0.9982,7.4,36,9.4,0.26,7.3,121,0.6,0.07,0.49,3.37,5
0.9981,7.3,35,9.4,0.26,7.2,121,0.59,0.07,0.49,3.37,5
0.9961,7.8,14,9.5,0.48,1.7,96,0.63,0.1,0.62,3.19,5
0.9956,6.8,18,10.2,0.1,2.1,101,0.64,0.085,0.52,3.34,5
0.9956,7.3,17,9,0.03,1.6,42,0.55,0.072,0.48,3.37,4
0.9953,6.8,11,10.4,0.07,2.1,44,0.63,0.089,0.55,3.47,6
0.9964,7.5,15,9.5,0.24,1.8,63,0.705,0.36,1.59,3,5
0.9972,7.9,4,9.1,0.03,1.8,8,0.885,0.058,0.33,3.36,4
0.9972,8,6,9.2,0.17,2,18,0.42,0.073,0.61,3.29,6
0.9972,8,6,9.2,0.17,2,18,0.42,0.073,0.61,3.29,6
0.9961,7.4,24,11.5,0.05,1.9,42,0.62,0.068,0.57,3.42,6
0.9961,7.3,7,9.5,0.21,2,35,0.38,0.08,0.47,3.33,5
0.9958,6.9,19,9.5,0.04,1.5,49,0.5,0.085,0.78,3.35,5
0.9961,7.3,7,9.5,0.21,2,35,0.38,0.08,0.47,3.33,5
0.9972,7.5,8,10.5,0.42,2.3,38,0.52,0.087,0.61,3.58,6
0.9969,7,7,9.6,0,2.5,20,0.805,0.068,0.56,3.48,5
0.9969,8.8,10,9.5,0.14,2.4,42,0.61,0.067,0.59,3.19,5
0.9969,8.8,10,9.5,0.14,2.4,42,0.61,0.067,0.59,3.19,5
0.9972,8.9,23,9.3,0.49,2,110,0.61,0.27,1.02,3.12,5
0.9972,7.2,16,9.3,0.02,2.5,42,0.73,0.076,0.52,3.44,5
0.9971,6.8,11,9.3,0.2,1.8,65,0.61,0.077,0.58,3.54,5
0.997,6.7,8,9.3,0.21,1.9,62,0.62,0.079,0.58,3.52,6
0.9971,8.9,26,9.7,0.57,2,85,0.31,0.111,0.53,3.26,5
0.9972,7.4,14,9.2,0.48,2,67,0.39,0.082,0.55,3.34,5
0.9976,7.7,9,9.7,0.1,2.6,26,0.705,0.084,0.49,3.39,5
0.9968,7.9,15,9.5,0.33,2,143,0.5,0.084,0.55,3.2,5
0.9968,7.9,17,9.5,0.32,1.9,144,0.49,0.082,0.55,3.2,5
0.9976,8.2,21,9.4,0.35,2.9,127,0.5,0.077,0.62,3.23,5
0.9974,6.4,21,9.8,0.25,1.9,49,0.37,0.074,0.62,3.57,6
0.9969,6.8,16,9.5,0.12,3.8,126,0.63,0.099,0.61,3.28,5
0.9964,7.6,7,9.7,0.21,2.2,28,0.55,0.071,0.55,3.28,5
0.9964,7.6,7,9.7,0.21,2.2,28,0.55,0.071,0.55,3.28,5
0.9968,7.8,24,9.4,0.33,2,120,0.59,0.074,0.54,3.25,5
0.9968,7.3,15,10.2,0.3,2.4,55,0.58,0.074,0.59,3.46,5
0.9981,11.5,12,10.1,0.6,2,27,0.3,0.067,0.97,3.11,6
0.9924,5.4,13,13,0.08,1.2,93,0.835,0.046,0.85,3.57,7
0.9948,6.9,12,11.4,0.06,2.1,31,1.09,0.061,0.43,3.51,4
0.99695,9.6,9,10.3,0.47,1.4,24,0.32,0.056,0.82,3.22,7
0.9975,8.8,39,9.3,0.48,2.1,145,0.37,0.097,1.03,3.04,5
0.99545,6.8,16,9.5,0.11,1.5,49,0.5,0.075,0.79,3.36,5
0.9961,7,16,9.2,0.35,1.6,39,0.42,0.088,0.55,3.34,5
0.99615,7,14,9.2,0.36,1.6,37,0.43,0.089,0.56,3.34,6
0.9994,12.8,9,10.8,0.74,2.6,28,0.3,0.095,0.77,3.2,7
0.9994,12.8,9,10.8,0.74,2.6,28,0.3,0.095,0.77,3.2,7
0.99625,7.8,26,9.3,0.31,1.8,120,0.57,0.069,0.53,3.29,5
0.9966,7.8,18,9.4,0.28,2.7,95,0.44,0.1,0.67,3.22,5
0.998,11,7,10.5,0.58,2.1,19,0.3,0.054,0.88,3.31,7
0.99585,9.7,5,12.4,0.6,2,19,0.53,0.039,0.86,3.3,6
0.99685,8,10,10,0.24,2.8,62,0.725,0.083,0.56,3.35,6
0.998,11.6,5,10.2,0.64,2.1,15,0.44,0.059,0.67,3.21,6
0.9959,8.2,28,10.1,0.26,2.2,65,0.57,0.06,0.43,3.3,5
0.9974,7.8,10,9.8,0.08,2.4,41,0.735,0.092,0.71,3.24,6
0.9974,7,26,10.5,0.49,5.6,121,0.49,0.06,0.76,3.34,5
0.9962,8.7,13,11,0.16,2,49,0.625,0.101,0.57,3.14,5
0.9967,8.1,11,9.1,0.22,2.2,41,0.725,0.072,0.55,3.36,5
0.9957,7.5,10,9.7,0.19,1.9,44,0.49,0.076,0.54,3.39,5
0.99655,7.8,24,9.5,0.33,2.4,144,0.53,0.08,0.6,3.3,5
0.9964,7.8,24,9.4,0.37,2,58,0.34,0.082,0.59,3.34,6
0.9957,7.4,16,9.4,0.26,2,72,0.53,0.101,0.57,3.15,5
0.99525,6.8,5,9.5,0.04,1.5,10,0.61,0.057,0.6,3.42,5
0.99815,8.6,8,10,0.25,2,28,0.645,0.083,0.6,3.28,6
0.99745,8.4,15,10.4,0.36,2,55,0.635,0.089,0.57,3.31,4
0.99615,7.7,29,10.5,0.25,2.6,63,0.43,0.073,0.58,3.37,6
0.9964,8.9,27,9.5,0.5,2,81,0.59,0.337,1.61,3.04,6
0.9984,9,9,9.8,0.14,2.6,23,0.82,0.089,0.63,3.39,5
0.99615,7.7,29,10.5,0.25,2.6,63,0.43,0.073,0.58,3.37,6
0.99685,6.9,10,11,0.25,2.6,37,0.52,0.081,0.5,3.46,5
0.9927,5.2,19,12.2,0.04,1.6,106,0.48,0.054,0.62,3.54,7
0.99625,8,12,9.9,0.06,1.8,49,0.38,0.078,0.52,3.37,6
0.998,8.5,18,9.6,0.2,2.8,58,0.37,0.09,0.7,3.34,6
0.99685,6.9,10,11,0.25,2.6,37,0.52,0.081,0.5,3.46,5
0.99685,8.2,7,9,0.09,2.3,37,1,0.065,0.55,3.32,6
0.99675,7.2,14,9,0,1.9,38,0.63,0.097,0.58,3.37,6
0.99675,7.2,14,9,0,1.9,38,0.63,0.097,0.58,3.37,6
0.99675,7.2,15,9.2,0,1.9,39,0.645,0.097,0.58,3.37,6
0.99675,7.2,14,9,0,1.9,38,0.63,0.097,0.58,3.37,6
0.99685,8.2,7,9,0.09,2.3,37,1,0.065,0.55,3.32,6
0.9971,8.9,5,9.3,0.37,1.7,62,0.635,0.263,1.09,3,5
0.99925,12,6,10.9,0.56,2.1,24,0.38,0.093,0.71,3.14,6
0.99565,7.7,28,9.8,0.1,1.8,109,0.58,0.102,0.49,3.08,6
1.00005,15,10,9.2,0.44,2.2,24,0.21,0.075,0.84,3.07,7
1.00005,15,10,9.2,0.44,2.2,24,0.21,0.075,0.84,3.07,7
0.9983,7.3,6,9.9,0,2,23,0.66,0.084,0.96,3.61,6
0.99685,7.1,16,9.5,0.07,1.9,51,0.68,0.075,0.52,3.38,5
0.9963,8.2,11,9.3,0.17,2.3,73,0.6,0.072,0.45,3.2,5
0.99615,7.7,9,9.8,0.06,1.7,39,0.53,0.074,0.48,3.35,6
0.9983,7.3,6,9.9,0,2,23,0.66,0.084,0.96,3.61,6
0.9985,10.8,16,10,0.44,1.6,37,0.32,0.063,0.78,3.22,6
0.9972,7.1,16,9.9,0,1.8,34,0.6,0.074,0.7,3.47,6
0.9986,11.1,5,10.5,0.48,3.1,21,0.35,0.09,0.53,3.17,5
0.9959,7.7,8,9.5,0.42,1.9,86,0.775,0.092,0.59,3.23,5
0.9972,7.1,16,9.9,0,1.8,34,0.6,0.074,0.7,3.47,6
0.99675,8,17,9.3,0.23,3.2,119,0.57,0.073,0.57,3.26,5
0.998,9.4,5,9.2,0.37,2.2,13,0.34,0.075,0.62,3.22,5
0.9968,6.6,12,9.2,0,2.1,56,0.695,0.075,0.67,3.49,5
0.9968,7.7,8,9.4,0.76,1.8,45,0.41,0.611,1.26,3.06,5
0.99965,10,14,10.5,0.47,2.6,33,0.31,0.085,0.8,3.36,7
0.99625,7.9,18,9.3,0.23,1.7,45,0.33,0.077,0.65,3.29,5
0.99565,7,12,9.4,0.04,2,67,0.975,0.087,0.6,3.35,4
0.99575,8,10,10,0.03,1.7,35,0.52,0.07,0.57,3.34,5
0.9963,7.9,23,9.3,0.23,1.8,49,0.37,0.077,0.67,3.28,5
0.9999,12.5,5,10.9,0.49,2.4,27,0.56,0.064,0.87,3.08,5
0.9968,11.8,6,10.2,0.52,1.8,10,0.26,0.071,0.72,3.2,7
1.00025,8.1,26,9.8,0,3.3,61,0.87,0.096,0.72,3.6,4
0.9973,7.9,15,12.8,0.46,3.6,37,0.35,0.078,0.86,3.35,8
0.9987,6.9,7,9.4,0.04,3,27,0.54,0.077,0.91,3.69,6
0.9996,11.5,4,10.1,0.51,4,23,0.18,0.104,0.97,3.28,6
0.9965,7.9,27,10.7,0.06,4,61,0.545,0.087,0.67,3.36,6
0.9996,11.5,4,10.1,0.51,4,23,0.18,0.104,0.97,3.28,6
0.99935,10.9,17,10.1,0.58,4,65,0.37,0.071,0.78,3.22,5
0.99735,8.4,10,9.4,0.2,2.4,38,0.715,0.076,0.64,3.31,5
0.99915,7.5,27,9.4,0.18,7,94,0.65,0.088,0.77,3.38,5
0.9965,7.9,27,10.7,0.06,4,61,0.545,0.087,0.67,3.36,6
0.9987,6.9,7,9.4,0.04,3,27,0.54,0.077,0.91,3.69,6
0.9996,11.5,4,10.1,0.51,4,23,0.18,0.104,0.97,3.28,6
0.9976,10.3,5,12.6,0.45,6.4,13,0.32,0.073,0.82,3.23,8
0.9991,8.9,10,10.5,0.32,5.6,47,0.4,0.087,0.77,3.38,7
0.9986,11.4,6,9.3,0.44,3.6,19,0.26,0.071,0.82,3.12,6
0.9972,7.7,5,9.9,0.68,3.5,10,0.27,0.358,1.08,3.25,7
0.9971,7.6,12,9.1,0.12,3,53,0.52,0.067,0.57,3.36,5
0.9991,8.9,10,10.5,0.32,5.6,47,0.4,0.087,0.77,3.38,7
1.00015,9.9,32,9.8,0.07,3.4,71,0.59,0.102,0.71,3.31,5
1.00015,9.9,32,9.8,0.07,3.4,71,0.59,0.102,0.71,3.31,5
0.9997,12,25,10.3,0.55,2,49,0.45,0.073,0.76,3.1,6
0.9967,7.5,29,10.3,0.12,3,53,0.4,0.092,0.7,3.37,6
0.9976,8.7,20,10.6,0.09,2.5,49,0.52,0.091,0.86,3.34,7
1.001,11.6,33,9.2,0.53,3.3,98,0.42,0.105,0.95,3.2,5
0.9976,8.7,20,10.6,0.09,2.5,49,0.52,0.091,0.86,3.34,7
0.9979,11,6,10.5,0.48,2,18,0.2,0.343,0.71,3.3,5
0.9994,10.4,18,10.3,0.23,2.7,48,0.55,0.091,0.64,3.22,6
0.9964,6.9,5,10.1,0.25,2.4,16,0.36,0.098,0.6,3.41,6
1.0014,13.3,17,9.5,0.52,3.2,53,0.34,0.094,0.81,3.05,6
1.0001,10.8,5,9.5,0.46,2.5,27,0.5,0.073,0.64,3.05,5
0.9981,10.6,26,9.9,0.37,2.6,70,0.83,0.086,0.52,3.16,5
0.99855,7.1,8,9.6,0.06,2,29,0.63,0.083,0.73,3.67,5
0.9993,7.2,5,9.7,0.02,2.3,31,0.65,0.094,0.8,3.67,5
0.99845,6.9,8,9.6,0.06,2.1,33,0.67,0.08,0.71,3.68,5
0.9965,7.5,20,10.7,0.06,2.6,44,0.53,0.086,0.59,3.38,6
0.9973,11.1,7,10.1,0.48,1.5,15,0.18,0.068,0.64,3.22,6
0.9994,8.3,12,10,0.12,2.6,28,0.705,0.092,0.72,3.51,5
0.996,7.4,5,9.5,0.12,1.6,21,0.67,0.186,0.54,3.39,5
0.9973,8.4,12,9.2,0.6,2.1,90,0.65,0.112,0.52,3.2,5
0.9998,10.3,6,9.3,0.48,2.5,25,0.53,0.063,0.59,3.12,6
0.9966,7.6,7,9.4,0.32,2.2,54,0.62,0.082,0.52,3.36,5
0.9994,10.3,6,9.5,0.42,2.4,14,0.41,0.213,0.62,3.19,6
0.9994,10.3,5,9.5,0.44,2.4,12,0.43,0.214,0.63,3.19,6
0.9968,7.4,9,9.5,0.38,1.7,30,0.29,0.062,0.53,3.41,6
0.9998,10.3,6,9.3,0.48,2.5,25,0.53,0.063,0.59,3.12,6
0.996,7.9,15,9.4,0.24,2,105,0.53,0.072,0.54,3.27,6
0.99815,9,19,9.5,0.31,2.8,98,0.46,0.093,0.63,3.32,6
0.9976,8.6,30,9.4,0.3,3,135,0.47,0.076,0.53,3.3,5
0.99645,7.4,26,11,0.29,2.6,72,0.36,0.087,0.68,3.39,5
0.9962,7.1,20,11,0.29,2.5,53,0.35,0.096,0.65,3.42,6
0.9996,9.6,37,10.1,0.23,3.4,92,0.56,0.102,0.65,3.3,5
0.99865,9.6,30,10.4,0.12,2.9,74,0.77,0.082,0.64,3.3,6
0.9989,9.8,21,11.5,0.39,3.2,59,0.66,0.083,0.71,3.37,7
0.99865,9.6,30,10.4,0.12,2.9,74,0.77,0.082,0.64,3.3,6
0.9989,9.8,21,11.5,0.39,3.2,59,0.66,0.083,0.71,3.37,7
0.99975,9.3,25,9.7,0.26,3.4,87,0.61,0.09,0.62,3.24,5
0.99735,7.8,6,9.3,0.05,2.3,18,0.62,0.079,0.63,3.29,5
0.999,10.3,35,9.5,0.42,2.8,73,0.59,0.09,0.7,3.28,6
1.0015,10,13,9.2,0.2,11,50,0.49,0.071,0.69,3.16,6
1.0015,10,13,9.2,0.2,11,50,0.49,0.071,0.69,3.16,6
0.9978,11.6,6,11.5,0.66,3.65,14,0.53,0.121,0.74,3.05,7
0.998,10.3,5,11.5,0.5,4.5,13,0.44,0.107,0.83,3.28,5
1.0002,13.4,6,9.7,0.62,2.6,21,0.27,0.082,0.67,3.16,6
0.9981,10.7,7,9.5,0.39,2,15,0.46,0.061,0.62,3.18,5
0.998,10.2,10,12.5,0.64,2.9,41,0.36,0.122,0.66,3.23,6
0.998,10.2,10,12.5,0.64,2.9,41,0.36,0.122,0.66,3.23,6
0.9973,8,21,9.4,0.28,3.2,114,0.58,0.066,0.54,3.22,6
0.9958,8.4,16,11,0.08,2.1,44,0.56,0.105,0.52,3.13,5
0.9963,7.9,17,11.7,0.01,2.5,38,0.65,0.078,0.74,3.34,7
0.9992,11.9,7,12.2,0.53,3.4,21,0.695,0.128,0.84,3.17,7
0.9948,8.9,6,12.5,0.45,1.9,16,0.43,0.052,0.7,3.35,6
0.9974,7.8,29,10.3,0.32,2.8,58,0.43,0.08,0.64,3.31,5
1.0008,12.4,28,11.5,0.58,3,99,0.49,0.103,1,3.16,6
0.9997,12.5,12,9.8,0.54,2.3,29,0.28,0.082,1.36,3.11,7
1,12.2,10,9.2,0.5,2.4,21,0.34,0.066,1.18,3.12,6
0.9972,10.6,5,11.3,0.48,2.7,18,0.42,0.065,0.87,3.21,6
0.9982,10.9,6,9.8,0.47,1.8,14,0.39,0.118,0.75,3.3,6
0.9982,10.9,6,9.8,0.47,1.8,14,0.39,0.118,0.75,3.3,6
1.0006,11.9,6,10.7,0.5,2.6,32,0.57,0.082,0.78,3.12,6
0.9979,7,40,9.9,0,1.9,63,0.685,0.067,0.81,3.6,5
0.9955,6.6,17,12.3,0.02,2.7,34,0.815,0.072,0.89,3.58,7
0.9986,13.8,6,12,0.67,3,15,0.49,0.093,0.93,3.02,6
0.9979,9.6,15,10,0.31,2.8,46,0.56,0.089,0.92,3.11,6
0.9994,9.1,11,9.4,0,2.6,28,0.785,0.093,0.86,3.36,6
1.0004,10.7,17,9.9,0.22,2.7,34,0.67,0.107,0.98,3.28,6
0.9994,9.1,11,9.4,0,2.6,26,0.795,0.096,0.83,3.35,6
0.9974,7.7,8,9.3,0,2.4,19,0.665,0.09,0.73,3.27,5
1.0018,13.5,23,13,0.79,4.8,77,0.53,0.12,0.77,3.18,5
0.9912,6.1,40.5,11.9,0.4,1.4,165,0.21,0.066,0.59,3.25,6
0.9955,6.7,17,12.8,0.01,2.4,32,0.75,0.078,0.61,3.55,6
1.0001,11.5,29,11,0.52,3,55,0.41,0.08,0.88,3.26,5
0.997,10.5,12,11.7,0.66,2.95,29,0.42,0.116,0.75,3.24,7
1,11.9,10,10.4,0.66,3.1,23,0.43,0.109,0.85,3.15,7
1.001,12.6,10,9.8,0.66,2.6,41,0.38,0.088,0.68,3.17,6
0.9973,8.2,14,9.4,0.23,2,81,0.7,0.099,0.7,3.19,5
0.9982,8.6,21,9.9,0.31,2.6,50,0.45,0.086,0.91,3.37,6
0.9992,11.9,6,10,0.66,2.5,37,0.58,0.072,0.56,3.05,5
0.9988,12.5,6,10.2,0.63,2,15,0.46,0.071,0.87,2.99,5
1.0022,12.8,7,10,0.66,5.8,42,0.615,0.083,0.73,3.07,7
0.9979,10,7,11.8,0.5,3.4,21,0.42,0.107,0.93,3.26,6
1.0022,12.8,7,10,0.66,5.8,42,0.615,0.083,0.73,3.07,7
1,10.4,11,9,0.61,2.6,24,0.575,0.076,0.69,3.16,5
0.9998,10.3,15,9.4,0.52,2.8,75,0.34,0.159,0.64,3.18,5
0.9962,9.4,6,12,0.53,2.4,18,0.27,0.074,1.13,3.2,7
0.9975,6.9,35,9.9,0.02,2.3,63,0.765,0.063,0.78,3.57,5
0.9967,7.9,11,8.7,0.4,1.6,25,0.24,0.056,0.87,3.32,6
0.9967,9.1,26,10.6,0.48,1.8,46,0.28,0.067,1.04,3.32,6
0.9959,7.4,12,9.2,0.22,2.2,72,0.55,0.106,0.63,3.05,5
1.0014,14,6,10.8,0.63,3.8,47,0.41,0.089,0.81,3.01,6
0.9984,11.5,6,11.8,0.71,4.4,15,0.54,0.124,0.83,3.01,7
1.0003,11.5,19,11,0.5,3,47,0.45,0.078,1.11,3.26,6
0.9962,9.4,6,12,0.53,2.4,18,0.27,0.074,1.13,3.2,7
0.9988,11.4,6,13.3,0.66,6.2,24,0.625,0.088,0.99,3.11,6
0.9979,8.3,24,10.8,0.38,2.5,60,0.42,0.094,0.7,3.31,6
0.9974,8.3,11,9.4,0.42,2,27,0.26,0.08,0.8,3.21,6
1.0014,13.7,17,10,0.68,2.9,43,0.415,0.085,0.8,3.06,6
0.9974,8.3,11,9.4,0.42,2,27,0.26,0.08,0.8,3.21,6
0.9974,8.3,11,9.4,0.42,2,27,0.26,0.08,0.8,3.21,6
0.998,7.7,23,9.2,0.28,2.1,54,0.51,0.087,0.74,3.42,5
0.9979,7.4,11,9.7,0.07,2.4,37,0.63,0.09,0.76,3.43,6
0.9981,7.8,23,9.2,0.26,2,48,0.54,0.088,0.74,3.41,6
0.9972,8.3,17,9.6,0.15,1.9,42,0.66,0.079,0.54,3.31,6
0.9981,7.8,23,9.2,0.26,1.9,53,0.46,0.088,0.74,3.43,6
0.9982,9.6,16,10,0.31,2.5,49,0.38,0.096,0.7,3.19,7
0.9924,5.6,12,12.9,0.05,1.4,88,0.85,0.045,0.82,3.56,8
1.0014,13.7,17,10,0.68,2.9,43,0.415,0.085,0.8,3.06,6
0.998,9.5,6,9.5,0.52,2,26,0.37,0.082,0.51,3.18,5
0.997,8.4,13,9.1,0.61,2,95,0.665,0.112,0.54,3.16,5
0.9997,12.7,6,9.9,0.65,2.3,25,0.6,0.063,0.57,3.03,5
1.0004,12,7,13,0.76,4.2,38,0.37,0.066,0.6,3.22,7
0.9994,6.6,68,9.9,0.02,7.9,124,0.735,0.122,0.53,3.47,5
0.9988,11.5,13,11,0.59,2.6,49,0.59,0.087,0.65,3.18,6
0.9988,11.5,13,11,0.59,2.6,49,0.59,0.087,0.65,3.18,6
0.9963,8.7,9,9.4,0.22,2.3,42,0.765,0.064,0.55,3.1,5
0.9994,6.6,68,9.9,0.02,7.9,124,0.735,0.122,0.53,3.47,5
0.9949,7.7,20,10.8,0.3,1.7,38,0.26,0.059,0.47,3.29,6
1,12.2,19,10.5,0.54,2.6,64,0.48,0.085,0.61,3.1,6
0.9994,11.4,10,10.5,0.49,2.7,41,0.6,0.085,0.63,3.15,6
0.9974,7.7,15,9.1,0.05,2.7,27,0.69,0.075,0.61,3.26,5
0.9966,8.7,11,10.1,0.46,1.4,25,0.31,0.059,0.76,3.36,6
0.9981,9.8,9,10.8,0.47,2.5,28,0.44,0.063,0.65,3.24,6
0.9996,12,12,10.8,0.66,3,30,0.39,0.093,0.63,3.18,7
0.997,10.4,6,11.3,0.58,3.7,16,0.34,0.174,0.7,3.19,6
0.9981,12.5,26,9.6,0.49,4.5,49,0.46,0.07,0.57,3.05,4
0.9987,9,26,9.5,0.34,2.5,86,0.43,0.08,0.62,3.38,6
0.9987,9.1,23,9.5,0.35,2.4,78,0.45,0.08,0.62,3.38,5
0.9966,7.1,15,9.3,0.16,1.9,77,0.735,0.1,0.64,3.27,5
0.9986,9.9,6,11.7,0.53,6.7,19,0.4,0.097,0.82,3.27,7
0.9982,8.8,24,9.5,0.34,2.7,122,0.52,0.087,0.61,3.26,5
1.0014,8.6,31,9.3,0.24,6.6,134,0.725,0.117,1.07,3.32,5
0.997,10.6,6,11.7,0.64,2.2,20,0.48,0.111,0.66,3.26,6
0.9956,7,34,10.5,0.12,1.9,124,0.58,0.091,0.48,3.44,5
0.9996,11.9,7,10.4,0.51,2,20,0.38,0.121,0.76,3.24,6
0.9976,6.8,34,9.9,0,1.8,52,0.77,0.066,0.68,3.62,5
0.9972,9.5,35,11.8,0.33,2.4,67,0.56,0.089,0.73,3.28,7
0.9952,6.6,32,12.3,0.03,2.3,48,0.84,0.059,0.56,3.52,7
0.9955,7.7,15,10.9,0.2,2,60,0.96,0.047,0.44,3.36,5
0.9978,10.5,6,11,0.47,2.1,24,0.24,0.066,0.9,3.15,7
0.9955,7.7,15,10.9,0.2,2,60,0.96,0.047,0.44,3.36,5
0.9952,6.6,32,12.3,0.03,2.3,48,0.84,0.059,0.56,3.52,7
0.9949,6.4,19,11.4,0.08,2.1,48,0.67,0.045,0.49,3.49,6
0.9988,9.5,6,10.6,0.22,1.9,32,0.78,0.077,0.56,3.26,6
0.9978,9.1,9,9.3,0.33,1.3,30,0.52,0.07,0.6,3.24,5
0.9997,12.8,13,10.4,0.63,2.4,35,0.84,0.088,0.6,3.1,6
0.9978,10.5,6,11,0.47,2.1,24,0.24,0.066,0.9,3.15,7
0.9974,7.8,21,9.2,0.35,2.2,66,0.55,0.074,0.56,3.25,5
0.9958,11.9,12,12.8,0.69,2.3,24,0.37,0.078,0.65,3,6
1.0004,12.3,6,9.5,0.63,2.3,18,0.39,0.091,0.49,3.16,5
0.9996,10.4,22,9.9,0.55,3.2,54,0.41,0.076,0.89,3.15,6
1.0004,12.3,6,9.5,0.63,2.3,18,0.39,0.091,0.49,3.16,5
0.9958,8,38,10.2,0.3,2,62,0.67,0.06,0.56,3.26,6
0.9986,11.1,6,11.2,0.73,3.2,22,0.45,0.066,0.66,3.17,6
0.9996,10.4,22,9.9,0.55,3.2,54,0.41,0.076,0.89,3.15,6
0.9951,7,7,9.3,0.18,1.5,50,0.62,0.062,0.6,3.08,5
0.9987,12.6,6,9.8,0.72,2.2,29,0.31,0.072,0.82,2.88,8
0.9988,11.9,7,11.3,0.65,2.15,27,0.4,0.068,0.68,3.06,6
1.0032,15.6,6,11.2,0.76,3.7,43,0.685,0.1,0.68,2.95,7
0.9963,10,11,11.6,0.49,2.7,19,0.44,0.077,0.63,3.23,7
0.9934,5.3,5,12.5,0.01,1.7,27,0.57,0.054,0.84,3.57,7
0.9986,9.5,6,10.1,0.1,2.1,31,0.735,0.079,0.56,3.23,6
0.9996,12.5,31,10.5,0.6,2.6,72,0.38,0.081,0.73,3.1,5
0.9968,9.3,6,11.2,0.29,2.1,16,0.48,0.127,0.72,3.22,5
0.9967,8.6,7,10.2,0.22,2,27,0.53,0.1,0.56,3.2,6
0.9994,11.9,17,10.8,0.69,2.8,35,0.39,0.095,0.61,3.1,6
0.9994,11.9,17,10.8,0.69,2.8,35,0.39,0.095,0.61,3.1,6
0.9979,8.4,9,9.1,0.53,1.8,26,0.37,0.413,1.06,3.06,6
0.9968,6.8,18,10,0.03,1.7,35,0.56,0.084,0.63,3.44,6
0.9998,10.4,5,11.2,0.63,2.8,22,0.33,0.084,0.74,3.26,7
0.9952,7,21,11.1,0.4,1.6,67,0.23,0.063,0.63,3.5,5
0.9988,11.3,6,13.4,0.67,5.2,19,0.62,0.086,0.69,3.22,8
0.9986,8.9,5,10.3,0.39,2.3,22,0.59,0.095,0.58,3.37,5
0.9988,9.2,29,9.6,0.21,2.7,65,0.63,0.097,0.58,3.28,5
0.9998,10.4,5,11.2,0.63,2.8,22,0.33,0.084,0.74,3.26,7
1.0008,11.6,10,9,0.66,2.2,47,0.58,0.074,0.57,3.25,3
0.9976,9.2,14,11.3,0.52,2.3,23,0.43,0.083,0.61,3.35,6
0.9982,8.3,6,9.3,0.22,2.6,19,0.615,0.087,0.61,3.26,5
0.997,11,10,11.8,0.68,2.55,25,0.26,0.085,0.61,3.18,5
0.9972,8.1,25,9,0.7,2.2,129,0.66,0.098,0.53,3.08,5
0.9987,11.5,5,9.2,0.54,2.1,15,0.315,0.084,0.7,2.98,6
1.0006,10,10,9.7,0.4,2.9,26,0.29,0.098,0.91,3.48,5
0.9982,10.3,21,11.5,0.42,2,51,0.5,0.069,0.72,3.16,6
0.9947,8.8,7,14,0.45,2.6,18,0.46,0.065,0.79,3.32,6
1,11.4,6,9.2,0.69,2.1,21,0.36,0.09,0.62,3.17,6
0.9952,8.7,36,9.8,0.02,1.2,48,0.82,0.07,0.58,3.2,5
0.9996,13,15,10.6,0.65,2.6,47,0.32,0.093,0.61,3.05,5
0.997,9.6,25,11.4,0.42,2.4,52,0.54,0.081,0.71,3.2,6
0.9995,12.5,25,10.4,0.55,2.6,68,0.37,0.083,0.82,3.15,6
0.9971,9.9,5,10.6,0.55,2.1,14,0.35,0.062,0.79,3.26,5
0.9982,10.5,10,9.4,0.51,1.7,24,0.28,0.08,0.89,3.2,6
0.9988,9.6,5,10.2,0.24,2.2,28,0.68,0.087,0.6,3.14,5
0.998,9.3,6,9.7,0.41,2,16,0.27,0.091,0.7,3.28,5
0.9977,10.4,6,11,0.49,1.8,20,0.24,0.075,1.06,3.18,6
0.9988,9.6,5,10.2,0.24,2.2,28,0.68,0.087,0.6,3.14,5
0.9984,9.4,6,10.1,0.11,2.7,31,0.685,0.077,0.7,3.19,6
1.0026,10.6,6,9.2,0.39,15.5,23,0.28,0.069,0.66,3.12,5
0.9964,9.4,6,11.7,0.56,2.8,17,0.3,0.08,0.92,3.15,8
0.9986,10.6,6,9.4,0.59,2.2,18,0.36,0.152,1.05,3.04,5
0.9986,10.6,7,9.4,0.6,2.2,18,0.36,0.152,1.06,3.04,5
0.997,10.6,6,13.4,0.68,4.1,24,0.44,0.114,0.66,3.06,6
0.9976,10.2,6,10,0.39,1.9,17,0.67,0.054,0.47,3.17,5
0.9976,10.2,6,10,0.39,1.9,17,0.67,0.054,0.47,3.17,5
0.9982,10.2,5,10,0.36,1.8,14,0.645,0.053,0.42,3.17,6
1.0002,11.6,35,10.8,0.55,2.8,67,0.32,0.081,0.92,3.32,7
0.9984,9.3,10,10.2,0.4,2.6,26,0.39,0.073,0.75,3.34,6
0.9984,9.3,24,10.6,0.27,2.8,56,0.775,0.078,0.67,3.31,6
0.9952,9.2,12,13.3,0.5,2.5,25,0.41,0.055,0.79,3.34,7
0.995,8.9,13,13.4,0.51,2.6,27,0.4,0.052,0.9,3.32,7
1.0002,8.7,23,11.6,0.31,3,81,0.69,0.086,0.74,3.48,6
0.9952,6.5,28,12.1,0.23,8.3,91,0.39,0.051,0.55,3.44,6
0.9972,10.7,5,11,0.53,2.6,16,0.35,0.07,0.65,3.15,8
0.9984,7.8,14,9,0.25,1.9,38,0.52,0.081,0.65,3.43,6
0.9966,7.2,43,11.1,0.32,2.5,113,0.34,0.09,0.79,3.32,5
0.9972,10.7,5,11,0.53,2.6,16,0.35,0.07,0.65,3.15,8
1.0002,8.7,23,11.6,0.31,3,81,0.69,0.086,0.74,3.48,6
0.9984,7.8,14,9,0.25,1.9,38,0.52,0.081,0.65,3.43,6
0.999,10.4,38,12,0.73,6.55,76,0.44,0.074,0.85,3.17,7
0.999,10.4,38,12,0.73,6.55,76,0.44,0.074,0.85,3.17,7
0.9976,10.5,6,10.9,0.47,1.9,24,0.26,0.078,1.04,3.18,7
0.9976,10.5,6,10.8,0.42,1.8,22,0.24,0.077,1.05,3.21,7
0.9968,10.2,10,12.5,0.63,2.9,26,0.49,0.072,0.78,3.16,7
0.9976,10.4,6,10.8,0.46,1.8,21,0.24,0.075,1.02,3.25,7
1,11.2,6,9.5,0.55,2.3,13,0.67,0.084,0.71,3.17,6
0.9994,10,26,10.2,0.31,2.2,62,0.59,0.09,0.63,3.18,6
0.9986,13.3,23,11.4,0.75,2.8,43,0.29,0.084,0.68,3.04,7
0.9978,12.4,19,9.5,0.49,4.6,43,0.42,0.073,0.61,3.02,5
0.9994,10,26,10.2,0.31,2.2,62,0.59,0.09,0.63,3.18,6
0.998,10.7,15,9.7,0.48,2.1,49,0.4,0.125,0.81,3.03,6
0.9973,10.5,6,11.8,0.64,2.4,15,0.51,0.107,0.66,3.09,7
0.9973,10.5,6,11.8,0.64,2.4,15,0.51,0.107,0.66,3.09,7
1.001,8.5,34,9.3,0.49,6.1,151,0.655,0.122,1.14,3.31,5
1.001,12.5,5,11.9,0.49,4.3,14,0.6,0.1,0.74,3.25,6
0.9994,10.4,5,8.4,0.49,2.1,16,0.61,0.2,0.63,3.16,3
0.9972,10.9,11,11.7,0.49,2.8,32,0.21,0.088,0.68,3.22,6
0.9966,7.3,39,11,0.49,2.5,106,0.365,0.088,0.78,3.36,5
0.9982,9.8,15,10,0.49,2.7,33,0.25,0.088,0.9,3.42,6
0.998,7.6,16,9.1,0.49,2,43,0.41,0.088,0.64,3.48,5
0.9979,8.2,47,9.8,0.49,2.3,133,0.39,0.099,0.99,3.38,5
0.9978,9.3,38,9.4,0.49,2.5,142,0.4,0.085,0.55,3.22,5
0.9976,9.2,23,9.5,0.49,2.4,116,0.43,0.086,0.64,3.23,5
0.9998,10.4,29,9.9,0.24,2.8,53,0.64,0.105,0.67,3.24,5
0.9966,7.3,39,11,0.49,2.5,106,0.365,0.088,0.78,3.36,5
0.9962,7,33,11.4,0.49,2.5,85,0.38,0.097,0.77,3.39,6
0.9988,8.2,32,8.7,0.49,2.6,55,0.42,0.084,0.75,3.34,6
0.9974,9.9,6,9.4,0.24,2.4,33,0.63,0.077,0.57,3.09,5
0.999,9.1,1,10.3,0.24,2.1,28,0.22,0.078,0.87,3.41,6
1.0004,11.9,12,10.3,0.49,2.7,42,0.38,0.098,0.61,3.16,5
1.0004,11.9,12,10.3,0.49,2.7,42,0.38,0.098,0.61,3.16,5
0.9956,10.3,15,12.8,0.24,2.1,33,0.27,0.072,0.66,3.22,6
1,10,13,10,0.24,2.7,32,0.48,0.102,0.56,3.28,6
0.999,9.1,1,10.3,0.24,2.1,28,0.22,0.078,0.87,3.41,6
0.9974,9.9,6,9.4,0.24,2.4,33,0.63,0.077,0.57,3.09,5
0.9972,8.1,5,10.7,0.24,2.1,13,0.825,0.084,0.77,3.37,6
1.0014,12.9,5,12,0.49,5.8,35,0.35,0.066,0.66,3.2,7
0.9996,11.2,5,11.2,0.74,5.15,17,0.5,0.1,0.62,3.22,5
0.9988,9.2,20,9.6,0.24,3.3,47,0.59,0.101,0.67,3.26,5
0.9988,9.5,5,11,0.49,6.3,17,0.46,0.064,0.73,3.21,6
0.9966,9.3,5,9.9,0.24,2.1,20,0.715,0.07,0.59,3.12,5
0.9993,11.2,16,11,0.24,2.5,53,0.66,0.085,0.72,3.06,6
1.0008,14.3,6,8.4,0.74,1.8,15,0.31,0.075,0.79,2.86,6
0.9982,9.1,38,9.1,0.49,2.6,106,0.47,0.094,0.59,3.08,5
0.9983,7.5,10,9.5,0.24,2,28,0.55,0.078,0.78,3.45,6
0.9987,10.6,6,10.7,0.49,2.5,21,0.31,0.067,0.86,3.26,6
0.9994,12.4,27,10.4,0.49,2.6,69,0.35,0.079,0.75,3.12,6
0.9975,9,6,9.4,0.49,1.9,25,0.53,0.171,0.61,3.27,6
0.9958,6.8,9,9.5,0.01,2.1,25,0.51,0.074,0.56,3.33,6
0.998,9.4,14,10,0.24,2.8,45,0.43,0.092,0.73,3.19,6
0.998,9.5,14,10,0.24,2.7,44,0.46,0.092,0.74,3.12,6
0.9934,5,32,11.5,0.24,1.6,96,1.04,0.05,0.62,3.74,5
1.00315,15.5,10,11.1,0.49,4.2,23,0.645,0.095,0.74,2.92,5
1.00315,15.5,10,11.1,0.49,4.2,23,0.645,0.095,0.74,2.92,5
1.0002,10.9,10,11.7,0.49,4.6,17,0.53,0.118,0.56,3.07,6
1.00315,15.6,10,11.1,0.49,4.2,23,0.645,0.095,0.74,2.92,5
1.0002,10.9,10,11.7,0.49,4.6,17,0.53,0.118,0.56,3.07,6
1.0021,13,6,12.7,0.49,4.3,47,0.47,0.085,0.68,3.3,6
0.9994,12.7,5,11.4,0.49,2.8,19,0.6,0.075,0.57,3.14,5
0.9978,9,26,9.2,0.49,2.4,121,0.44,0.078,0.58,3.23,5
0.9982,9,41,9.2,0.49,2.9,110,0.54,0.094,0.61,3.08,5
0.9971,7.6,25,10.1,0.49,2.7,60,0.29,0.092,0.61,3.31,6
1.0021,13,6,12.7,0.49,4.3,47,0.47,0.085,0.68,3.3,6
0.9994,12.7,5,11.4,0.49,2.8,19,0.6,0.075,0.57,3.14,5
0.9991,8.7,5,9,0.24,2.5,15,0.7,0.226,0.6,3.32,6
0.9991,8.7,5,9,0.24,2.5,15,0.7,0.226,0.6,3.32,6
0.999,9.8,5,10.7,0.49,2.6,20,0.5,0.25,0.79,3.31,6
0.9946,6.2,19,11.7,0.24,2.2,42,0.36,0.095,0.57,3.57,6
1.0003,11.5,10,11,0.49,3.3,37,0.35,0.07,0.91,3.32,6
0.9946,6.2,19,11.7,0.24,2.2,42,0.36,0.095,0.57,3.57,6
0.9978,10.2,10,10.4,0.49,2.4,28,0.24,0.075,0.61,3.14,5
0.9991,10.5,14,9.6,0.49,2.1,47,0.59,0.07,0.56,3.3,4
0.9992,10.6,20,10,0.49,3.2,78,0.34,0.078,0.7,3.19,6
0.9993,12.3,28,10.2,0.49,3.1,46,0.27,0.079,0.8,3.2,6
0.9978,9.9,6,10,0.24,2.3,14,0.5,0.103,0.52,3.34,4
0.9982,8.8,18,9.5,0.49,2.8,111,0.44,0.083,0.6,3.3,5
0.9982,8.8,17,9.8,0.49,2.9,110,0.47,0.085,0.6,3.29,5
0.9976,10.6,18,9.8,0.49,2.2,40,0.31,0.063,0.51,3.14,6
1.0002,12.3,5,9.6,0.49,2.2,14,0.5,0.089,0.44,3.19,5
1.0002,12.3,5,9.6,0.49,2.2,14,0.5,0.089,0.44,3.19,5
1,11.7,5,9.2,0.49,2.2,15,0.49,0.083,0.43,3.19,5
0.9976,12,10,9.9,0.49,1.9,21,0.28,0.074,0.66,2.98,7
1.0002,11.8,54,10.7,0.49,3.4,80,0.33,0.093,0.76,3.3,7
0.998,7.6,8,9.6,0.24,2.4,38,0.51,0.091,0.66,3.47,6
0.9986,11.1,16,10.6,0.49,2.7,47,0.31,0.094,1.02,3.12,7
0.9967,7.3,18,9.3,0.24,1.9,102,0.73,0.108,0.59,3.26,5
0.9917,5,19,14,0.24,2,50,0.42,0.06,0.74,3.72,8
0.9976,10.2,5,10.5,0.49,2.6,13,0.29,0.059,0.74,3.05,7
0.9987,9,21,9.7,0.49,2.6,75,0.45,0.084,0.57,3.35,5
0.9922,6.6,23,11.5,0.49,1.7,149,0.39,0.07,0.5,3.12,6
0.9987,9,21,9.7,0.49,2.6,75,0.45,0.084,0.57,3.35,5
1.0004,9.9,9,9,0.58,3.5,43,0.49,0.094,0.58,3.29,5
0.9978,7.9,20,9.5,0.17,2.6,38,0.72,0.096,0.53,3.4,5
0.9998,8.9,30,9.3,0.41,7.9,109,0.595,0.086,0.57,3.27,5
0.9994,12.4,6,9.3,0.51,2,24,0.4,0.059,0.6,3.04,6
0.998,11.9,5,10,0.58,1.9,18,0.58,0.071,0.63,3.09,6
0.9967,8.5,5,9.8,0.18,2.1,30,0.585,0.078,0.48,3.2,6
1,12.7,11,9.3,0.45,2.3,22,0.59,0.082,0.7,3,6
0.9962,8.2,7,10,0.27,2.1,23,0.915,0.088,0.47,3.26,4
1.0006,13.2,12,9,0.52,2.2,35,0.46,0.071,0.56,3.1,6
0.9975,7.7,6,9.3,0,2.6,14,0.835,0.081,0.52,3.3,5
1.0006,13.2,12,9,0.52,2.2,35,0.46,0.071,0.56,3.1,6
0.9984,8.3,14,9.1,0.13,2.9,63,0.58,0.096,0.62,3.17,6
0.9984,8.3,6,9.2,0.13,2.6,24,0.6,0.085,0.59,3.31,6
0.9973,9.4,10,12.2,0.48,4.6,20,0.41,0.072,0.79,3.34,7
0.9982,8.8,26,10.5,0.41,3.3,52,0.48,0.092,0.53,3.31,6
1.0026,10.1,11,10.4,0.37,5.1,65,0.65,0.11,0.64,3.32,6
0.9956,6.3,15,12.7,0.19,3.2,39,0.36,0.075,0.52,3.56,6
0.9983,8.8,25,9.2,0.54,2.5,57,0.24,0.083,0.54,3.39,5
1.0006,13.2,5,9.4,0.55,2.7,16,0.38,0.081,0.54,2.98,5
0.9965,7.5,18,10,0,2.4,29,0.64,0.077,0.6,3.32,6
0.9962,8.2,10,9.8,0.38,1.5,29,0.39,0.058,0.74,3.26,5
0.9969,9.2,10,10.2,0.18,2.2,103,0.755,0.148,1.36,2.87,6
0.9997,9.6,28,9.7,0.5,2.3,71,0.6,0.079,0.57,3.5,5
0.9997,9.6,28,9.7,0.5,2.3,71,0.6,0.079,0.57,3.5,5
0.9982,11.5,14,9.8,0.51,2.2,28,0.31,0.079,0.93,3.03,6
1.0006,11.4,4,10.2,0.5,2.7,17,0.46,0.122,0.7,3.13,5
0.9988,11.3,6,9.3,0.41,2.3,16,0.37,0.088,0.8,3.09,5
0.9976,8.3,16,9.4,0.24,3.4,112,0.54,0.076,0.61,3.27,5
0.9976,8.2,14,9.4,0.23,3.4,104,0.56,0.078,0.62,3.28,5
0.9974,10,9,9.5,0.22,1.9,32,0.58,0.08,0.55,3.13,5
0.9974,7.9,21,12.1,0.25,2.9,45,0.51,0.077,0.96,3.49,6
0.9997,6.8,21,10.2,0,5.6,58,0.69,0.124,0.72,3.46,5
0.9997,6.8,21,10.2,0,5.6,58,0.69,0.124,0.72,3.46,5
0.9988,8.8,5,9.1,0.29,2.2,15,0.6,0.098,0.49,3.36,5
0.9988,8.8,5,9.1,0.29,2.2,15,0.6,0.098,0.49,3.36,5
0.9976,8.7,7,9.3,0.26,2.5,31,0.54,0.097,0.6,3.27,6
0.9964,7.6,20,9.3,0.23,2.3,84,0.685,0.111,0.61,3.21,5
0.9976,8.7,7,9.3,0.26,2.5,31,0.54,0.097,0.6,3.27,6
0.9988,10.4,5,9.5,0.54,2.7,19,0.28,0.105,0.63,3.25,5
0.9964,7.6,21,10.5,0.14,3,43,0.41,0.087,0.57,3.32,6
1.001,10.1,11,11.3,0.22,3.4,86,0.935,0.105,0.64,3.43,4
0.9964,7.9,46,9.5,0.21,1.9,102,0.35,0.073,0.58,3.27,5
0.9954,8.7,24,9.7,0,1.4,33,0.84,0.065,0.55,3.27,5
0.9979,9.6,30,9.4,0.28,2.4,147,0.88,0.086,0.53,3.24,5
0.9978,9.5,31,9.4,0.27,2.3,145,0.885,0.084,0.53,3.24,5
0.9964,7.7,7,10.2,0.12,2.2,23,0.915,0.143,0.65,3.35,7
0.997,8.9,25,10.3,0.35,1.9,57,0.29,0.067,1.36,3.18,6
0.9991,9.9,16,9.4,0.45,2.3,40,0.54,0.071,0.62,3.39,5
0.9992,9.5,21,9.5,0.44,2.3,68,0.59,0.071,0.63,3.46,5
0.9991,9.9,16,9.4,0.45,2.3,40,0.54,0.071,0.62,3.39,5
0.9992,9.5,21,9.5,0.44,2.3,68,0.59,0.071,0.63,3.46,5
0.9991,9.9,16,9.4,0.45,2.3,40,0.54,0.071,0.62,3.39,5
0.9984,7.8,5,10.1,0.1,6,11,0.64,0.115,0.69,3.37,7
0.9972,7.3,6,10.1,0.05,3.6,20,0.67,0.107,0.63,3.4,5
0.9967,8.3,5,11,0.01,2.2,14,0.845,0.07,0.58,3.32,4
0.9964,8.7,10,11.2,0.3,2.8,28,0.48,0.066,0.67,3.33,7
0.9948,6.7,24,11.3,0.27,8.6,148,0.42,0.068,0.57,3.16,6
0.9986,10.7,8,9.6,0.39,2.2,32,0.43,0.106,0.5,2.89,5
1.001,9.8,35,11.2,0.25,2.5,155,0.88,0.104,0.67,3.41,5
0.9976,15.9,22,14.9,0.65,7.5,71,0.36,0.096,0.84,2.98,5
0.9976,9.4,9,12,0.59,2.8,30,0.33,0.079,0.54,3.12,6
0.9979,8.6,7,9.5,0.47,2.4,29,0.47,0.074,0.46,3.08,5
1.0004,9.7,20,9.4,0.17,2.9,53,0.55,0.087,0.61,3.14,5
0.9986,10.7,8,9.6,0.39,2.2,32,0.43,0.106,0.5,2.89,5
0.998,12,23,10.5,0.59,1.4,42,0.5,0.073,0.68,2.92,7
0.9973,7.2,5,9.6,0.07,1.4,20,0.52,0.074,0.81,3.32,6
0.997,7.1,5,11,0.02,4.4,13,0.84,0.096,0.57,3.41,4
0.9973,7.2,5,9.6,0.07,1.4,20,0.52,0.074,0.81,3.32,6
0.9978,7.5,15,9,0.31,1.6,42,0.42,0.08,0.64,3.31,5
0.9972,7.2,9,9.6,0.06,1.6,27,0.57,0.076,0.7,3.36,6
0.9974,10.1,5,10.2,0.46,1.8,13,0.28,0.05,0.79,3.04,6
1,12.1,15,10.2,0.52,2,54,0.4,0.092,0.66,3.03,5
0.9981,9.4,25,9.7,0.14,2,48,0.59,0.084,0.56,3.14,5
0.998,8.3,6,9.5,0.36,1.8,16,0.49,0.222,0.6,3.18,6
0.9988,11.3,6,9.2,0.45,2,15,0.34,0.082,0.66,2.94,6
0.9966,10,15,11,0.43,2.3,31,0.73,0.059,0.57,3.15,5
0.9988,11.3,6,9.2,0.45,2,15,0.34,0.082,0.66,2.94,6
0.9959,6.9,30,10,0.24,2.5,45,0.4,0.083,0.58,3.26,5
0.9968,8.2,5,9.5,0.21,1.7,13,0.73,0.074,0.52,3.2,5
0.998,9.8,32,9.5,0.34,2,151,1.24,0.079,0.53,3.15,5
0.9968,8.2,5,9.5,0.21,1.7,13,0.73,0.074,0.52,3.2,5
0.9984,10.8,7,9.3,0.41,2.2,17,0.4,0.084,0.67,3.08,6
0.9984,9.3,12,10.2,0.39,2.2,31,0.41,0.064,0.65,3.26,5
0.9984,10.8,7,9.3,0.41,2.2,17,0.4,0.084,0.67,3.08,6
0.9979,8.6,12,9.9,0.11,2.3,31,0.8,0.084,0.48,3.4,5
0.9983,8.3,45,10,0.1,2.6,87,0.78,0.081,0.53,3.48,5
0.9972,10.8,20,9.6,0.45,3.3,49,0.26,0.06,0.54,3.13,5
1.0004,13.3,15,9,0.58,1.9,40,0.43,0.07,0.49,3.06,5
0.9962,8,16,10.2,0.23,2.2,29,0.45,0.094,0.49,3.21,6
0.998,8.5,32,9.8,0.31,2.25,58,0.46,0.078,0.54,3.33,5
0.997,8.1,5,11.3,0.23,2.6,15,0.78,0.059,0.56,3.37,5
0.998,9.8,35,9.4,0.32,2.3,152,0.98,0.078,0.48,3.25,5
0.997,8.1,5,11.3,0.23,2.6,15,0.78,0.059,0.56,3.37,5
0.997,7.1,13,9.1,0.18,1.8,40,0.65,0.07,0.6,3.44,5
0.9998,9.1,13,9.7,0.23,3.1,38,0.64,0.095,0.59,3.28,5
0.9962,7.7,4,9.4,0.04,1.6,9,0.66,0.039,0.47,3.4,5
0.9976,8.1,5,9.4,0.48,1.8,17,0.38,0.157,1.05,3.3,5
0.9966,7.4,5,10.7,0,4.25,14,1.185,0.097,0.54,3.63,3
0.9998,9.2,12,9.8,0.24,2.6,93,0.92,0.087,0.54,3.48,5
0.9979,8.6,16,9,0.51,2,62,0.49,0.422,1.17,3.03,5
0.9984,9,21,9.4,0.32,2.8,122,0.48,0.084,0.62,3.32,5
0.9984,9,24,9.4,0.31,2.7,125,0.47,0.084,0.61,3.31,5
0.9921,5.1,18,12.8,0.02,1.3,44,0.47,0.034,0.62,3.9,6
0.9972,7,8,9.5,0.02,2.1,25,0.65,0.066,0.67,3.47,6
0.9972,7,8,9.5,0.02,2.1,25,0.65,0.066,0.67,3.47,6
1.0001,9.4,18,9.7,0.28,3.2,72,0.615,0.087,0.53,3.31,5
0.9986,11.8,5,10.8,0.55,2.1,19,0.38,0.071,0.62,3.11,6
0.9984,10.6,26,10.1,0.43,2.9,88,1.02,0.076,0.57,3.08,6
0.9972,7,8,9.5,0.02,2.1,25,0.65,0.066,0.67,3.47,6
0.997,7,9,9.4,0.02,2.1,23,0.64,0.067,0.67,3.47,6
0.9972,7.5,22,9.6,0.48,2.6,84,0.38,0.073,0.7,3.32,4
0.998,9.1,4,9.7,0.04,1.6,14,0.765,0.078,0.54,3.29,4
0.999,8.4,11,9.9,0.15,6,54,1.035,0.073,0.49,3.37,5
0.9956,7,10,10,0.08,2,19,0.78,0.093,0.47,3.4,5
0.9966,7.4,16,10.5,0.19,3,37,0.49,0.077,0.51,3.37,5
0.996,7.8,11,11.6,0.12,2.5,35,0.545,0.068,0.61,3.34,6
0.9983,9.7,13,10,0.47,1.6,33,0.31,0.062,0.66,3.27,6
0.9985,10.6,21,10.1,0.43,2.8,84,1.025,0.08,0.57,3.06,5
0.9998,8.9,16,9.5,0.34,3,112,0.565,0.093,0.61,3.38,5
0.9992,8.7,13,9.4,0,3.2,33,0.69,0.084,0.45,3.36,5
0.9976,8,10,9.4,0.36,2.3,48,0.43,0.075,0.46,3.34,5
0.998,9.9,21,9.8,0.28,2.6,77,0.74,0.078,0.51,3.28,5
0.9967,7.2,13,9.2,0.18,2.7,34,0.49,0.069,0.48,3.29,6
0.9976,8,10,9.4,0.36,2.3,48,0.43,0.075,0.46,3.34,5
0.9968,7.6,12,10,0.11,2.6,49,0.46,0.079,0.57,3.21,5
0.9976,8.4,10,9.6,0.04,2,22,0.56,0.082,0.44,3.22,5
0.9976,7.1,17,9.5,0,3.9,45,0.66,0.086,0.54,3.46,5
0.9976,8.4,10,9.6,0.04,2,22,0.56,0.082,0.44,3.22,5
0.9982,8.9,35,9.2,0.24,2.85,106,0.48,0.094,0.53,3.1,5
0.9968,7.6,15,10,0.08,2.7,48,0.42,0.084,0.59,3.21,5
0.9965,7.1,36,9.5,0.3,2.2,127,0.31,0.053,1.62,2.94,5
0.9958,7.5,5,11.2,0.1,3.1,12,1.115,0.086,0.6,3.54,4
0.9976,9,5,10.4,0.17,3,13,0.66,0.077,0.55,3.29,5
0.9994,8.1,18,11.1,0.09,2.8,49,0.72,0.084,0.72,3.43,6
0.997,6.4,4,9.5,0.02,1.8,11,0.57,0.067,0.68,3.46,5
0.997,6.4,4,9.5,0.02,1.8,11,0.57,0.067,0.68,3.46,5
0.995,6.4,27,12.7,0.03,3.2,58,0.865,0.071,0.49,3.61,6
0.9982,9.5,12,9.6,0.66,2.3,37,0.55,0.387,0.67,3.17,5
0.9994,8.9,4,11.5,0.13,3.45,14,0.875,0.088,0.52,3.44,5
0.9966,7.3,10,9.6,0.03,2.1,19,0.835,0.092,0.47,3.39,5
0.998,7,16,9.5,0.34,2.7,72,0.45,0.082,0.6,3.55,5
0.9987,7.7,9,9.3,0.2,2,39,0.56,0.075,0.62,3.48,5
0.9963,7.7,11,9.5,0.1,2.1,22,0.965,0.112,0.5,3.26,5
0.9963,7.7,11,9.5,0.1,2.1,22,0.965,0.112,0.5,3.26,5
1.0002,8.2,19,9.3,0,2.5,58,0.59,0.093,0.65,3.5,6
0.9983,9,28,9.2,0.23,2.8,104,0.46,0.092,0.56,3.1,5
0.999,9,19,9.3,0,2.4,38,0.69,0.088,0.6,3.35,5
0.9965,8.3,12,11.5,0.29,4.2,16,0.76,0.075,0.68,3.45,6
0.99788,9.2,28,9.5,0.24,2.6,139,0.53,0.078,0.57,3.21,5
0.9972,6.5,9,9.2,0,1.9,18,0.615,0.065,0.65,3.46,5
1.00024,11.6,25,10,0.58,2.8,101,0.41,0.096,0.53,3.13,5
1.0001,11.1,21,9.5,0.54,2.7,101,0.39,0.095,0.51,3.13,5
0.99768,7.3,12,9.5,0.18,2.1,28,0.51,0.07,0.73,3.52,6
0.9978,8.2,12,9,0.38,2.5,57,0.34,0.08,0.47,3.3,6
0.99782,8.6,16,9.4,0.4,2.6,68,0.33,0.083,0.48,3.3,5
0.99761,7.2,12,9.6,0.18,2.1,31,0.5,0.071,0.72,3.52,6
0.99768,7.3,12,9.5,0.18,2.1,28,0.51,0.07,0.73,3.52,6
0.99803,8.3,17,9.5,0.1,2.9,40,0.65,0.089,0.55,3.29,5
0.99803,8.3,17,9.5,0.1,2.9,40,0.65,0.089,0.55,3.29,5
0.99785,7.6,24,9.4,0.13,2.5,66,0.54,0.097,0.61,3.39,5
0.99803,8.3,17,9.5,0.1,2.9,40,0.65,0.089,0.55,3.29,5
0.99656,7.8,14,9.1,0.68,1.7,32,0.48,0.415,1.06,3.09,6
0.99525,7.8,22,10.7,0.07,1.9,47,0.91,0.058,0.43,3.51,6
0.99488,6.3,15,11.2,0.01,2,33,0.98,0.057,0.46,3.6,6
0.99656,8.1,10,9.8,0,2.2,31,0.87,0.084,0.5,3.25,5
0.99656,8.1,10,9.8,0,2.2,31,0.87,0.084,0.5,3.25,5
0.99823,8.8,33,9.2,0.21,2.5,88,0.42,0.092,0.52,3.19,5
0.99779,9,9,9.7,0.25,2.8,104,0.58,0.075,0.57,3.23,5
0.99738,9.3,5,9.6,0.26,2,35,0.655,0.096,0.42,3.25,5
0.99701,8.8,8,10,0,1.7,19,0.7,0.069,0.53,3.31,6
0.99738,9.3,5,9.6,0.26,2,35,0.655,0.096,0.42,3.25,5
0.99888,9.1,11,9.5,0.11,2.8,44,0.68,0.093,0.55,3.31,6
0.99888,9.2,12,9.5,0.1,3,48,0.67,0.091,0.54,3.31,6
0.99738,8.8,12,9.4,0.18,2.9,74,0.59,0.089,0.54,3.14,5
0.99938,7.5,13,9.5,0.32,2.7,98,0.6,0.103,0.62,3.45,5
0.99744,7.1,24,9.7,0.02,2.3,94,0.59,0.082,0.53,3.55,6
0.99668,7.9,7,9.6,0.01,1.9,32,0.72,0.076,0.54,3.39,5
0.99744,7.1,24,9.7,0.02,2.3,94,0.59,0.082,0.53,3.55,6
0.9978,9.4,23,9.4,0.26,2.4,143,0.685,0.082,0.55,3.28,5
0.99782,9.5,23,9.4,0.27,2.3,144,0.57,0.082,0.55,3.27,5
0.9973,7.9,1,9.5,0.29,1.8,44,0.4,0.157,0.92,3.3,6
0.99727,7.9,2,9.5,0.3,1.8,45,0.4,0.157,0.91,3.31,6
0.99586,7.2,7,10,0,3,16,1,0.102,0.46,3.43,5
0.99612,6.9,5.5,10.3,0.18,2.4,48,0.765,0.243,0.6,3.4,6
0.9961,6.9,6,10.3,0.17,2.4,18,0.635,0.241,0.59,3.4,6
0.99788,8.3,7,10.5,0.3,3.4,34,0.43,0.079,0.61,3.36,5
0.99745,7.1,21,9.8,0.03,2.6,92,0.52,0.076,0.6,3.5,5
0.99676,7,12,9.4,0,2,45,0.57,0.19,0.6,3.31,6
0.99732,6.5,9,9.8,0.14,2.4,37,0.46,0.114,0.65,3.66,5
0.99814,9,26,10,0.05,2.4,96,0.82,0.081,0.53,3.36,5
0.99732,6.5,9,9.8,0.14,2.4,37,0.46,0.114,0.65,3.66,5
0.99746,7.1,20,9.8,0.01,2.5,85,0.59,0.077,0.59,3.55,5
0.9982,9.9,11,9.5,0.41,2.3,61,0.35,0.083,0.5,3.21,5
0.9982,9.9,11,9.5,0.41,2.3,61,0.35,0.083,0.5,3.21,5
0.9991,10,19,10.1,0.24,2.2,58,0.56,0.079,0.56,3.18,6
0.9991,10,19,10.1,0.24,2.2,58,0.56,0.079,0.56,3.18,6
0.998,8.6,21,9.3,0.17,2.9,119,0.63,0.099,0.52,3.09,5
0.99708,7.4,18,9.7,0.43,2.6,82,0.37,0.082,0.68,3.33,6
0.99818,8.8,25,9.6,0.17,2.9,130,0.64,0.084,0.54,3.23,5
0.99745,7.1,17,9.7,0.02,2.5,87,0.61,0.081,0.6,3.48,6
0.99639,7.7,7,10.8,0,2.6,13,0.6,0.055,0.56,3.38,5
0.99531,10.1,7,12.5,0.54,2.3,26,0.27,0.065,0.53,3.17,6
0.99786,10.8,7,10.2,0.3,2.6,60,0.89,0.132,1.18,2.99,5
0.99746,8.7,24,9.6,0.31,2.5,64,0.46,0.126,0.74,3.1,5
0.99526,9.3,21,10.8,0.44,1.6,42,0.37,0.038,0.81,3.24,7
0.9987,9.4,5,10.7,0.34,3.6,14,0.5,0.082,0.52,3.29,6
0.9987,9.4,5,10.7,0.34,3.6,14,0.5,0.082,0.52,3.29,6
0.99641,7.2,26,9.4,0.08,4,108,0.61,0.082,0.51,3.25,5
0.99735,8.6,8,10,0.09,3.3,17,0.55,0.068,0.44,3.23,5
0.99264,5.1,14,12.9,0,1.7,86,0.585,0.044,0.94,3.56,7
0.9971,7.7,14,9.6,0.08,2.5,46,0.56,0.114,0.66,3.24,6
0.99682,8.4,4,9.9,0.22,2.7,18,0.52,0.084,0.57,3.26,6
0.99356,8.2,4,12.8,0.4,2.4,10,0.28,0.052,0.7,3.33,7
0.99386,8.4,4,12.5,0.39,2,10,0.25,0.041,0.71,3.27,7
0.99356,8.2,4,12.8,0.4,2.4,10,0.28,0.052,0.7,3.33,7
0.99702,7.4,4,9.2,0.12,1.9,12,0.53,0.165,0.86,3.26,5
0.99693,7.6,4,10.3,0.31,2.8,15,0.48,0.07,0.55,3.22,6
0.99562,7.3,4,10.5,0.1,2.6,14,0.49,0.068,0.47,3.3,5
1.00012,12.9,7,10.9,0.55,2.8,24,0.5,0.072,0.68,3.09,6
0.99818,10.8,20,10.8,0.33,2.5,38,0.45,0.099,0.71,3.24,5
0.99462,6.9,4,11.4,0.24,2.1,7,0.39,0.102,0.58,3.44,4
0.99939,12.6,19,11.3,0.54,2.8,41,0.41,0.103,0.76,3.21,6
0.99818,10.8,20,10.8,0.33,2.5,38,0.45,0.099,0.71,3.24,5
0.9984,9.8,8,10.5,0.19,3.2,30,0.51,0.081,0.58,3.23,6
0.99545,10.8,19,11.9,0.42,1.6,27,0.29,0.084,0.73,3.28,6
0.99632,7.1,21,9.4,0,2.35,47,0.715,0.071,0.45,3.29,5
0.99976,9.1,9,9.6,0.15,3.2,59,0.66,0.097,0.54,3.28,5
0.99606,7,9,9.7,0,1.9,22,0.685,0.099,0.6,3.34,5
0.99154,4.9,16,14,0,2.1,42,0.42,0.048,0.74,3.71,7
0.9973,6.7,15,9.8,0.13,2,36,0.54,0.076,0.64,3.61,5
0.9973,6.7,15,9.8,0.13,2,36,0.54,0.076,0.64,3.61,5
0.99682,7.1,6,10.3,0.28,2.8,16,0.48,0.068,0.53,3.24,5
0.99624,7.1,15,10.7,0.14,2.8,37,0.46,0.076,0.49,3.36,5
0.9951,7.5,4,11,0.34,2.3,8,0.27,0.05,0.64,3.4,7
0.99624,7.1,15,10.7,0.14,2.8,37,0.46,0.076,0.49,3.36,5
0.99417,7.8,34,12.7,0.09,2.3,45,0.57,0.065,0.74,3.46,8
0.99376,5.9,16,11.1,0.08,2.1,24,0.61,0.071,0.77,3.56,6
0.99632,7.5,5,10.9,0.07,2.5,9,0.685,0.058,0.55,3.38,4
0.99376,5.9,16,11.1,0.08,2.1,24,0.61,0.071,0.77,3.56,6
0.99832,10.4,34,9.9,0.42,1.5,48,0.44,0.145,0.86,3.38,3
0.99836,11.6,36,9.9,0.44,1.6,51,0.47,0.147,0.86,3.38,4
0.99694,8.8,16,9.4,0.26,1.6,23,0.685,0.088,0.47,3.32,5
0.99655,7.6,27,9.3,0.1,1.5,55,0.665,0.066,0.51,3.39,5
0.99064,6.7,36,11.7,0.28,2.4,100,0.28,0.012,0.39,3.26,7
0.99064,6.7,36,11.7,0.28,2.4,100,0.28,0.012,0.39,3.26,7
0.99672,10.1,9,11.2,0.35,1.6,28,0.31,0.075,0.83,3.24,7
0.99647,6,13,10,0.04,2.2,26,0.5,0.092,0.47,3.46,5
0.99736,11.1,9,12.1,0.47,2.65,34,0.42,0.085,0.77,3.24,7
0.99629,6.6,21,10.3,0,3,31,0.66,0.115,0.63,3.45,5
0.99708,10.6,34,10.9,0.45,2.6,68,0.5,0.119,0.72,3.23,6
0.9963,7.1,9,9.4,0.35,2,92,0.685,0.088,0.62,3.28,5
0.9959,9.9,26,10.6,0.46,1.7,42,0.25,0.062,0.83,3.18,6
0.99689,6.4,14,9.8,0.21,1.8,31,0.64,0.081,0.66,3.59,5
0.99689,6.4,14,9.8,0.21,1.8,31,0.64,0.081,0.66,3.59,5
0.9977,7.4,12,9.9,0.16,1.8,39,0.68,0.078,0.7,3.5,6
0.99689,6.4,14,9.8,0.21,1.8,31,0.64,0.081,0.66,3.59,5
0.99689,6.4,12,9.8,0.21,1.6,32,0.63,0.08,0.66,3.58,5
0.99708,9.3,9,9.5,0.44,1.9,22,0.43,0.085,0.55,3.28,5
0.99708,9.3,9,9.5,0.44,1.9,22,0.43,0.085,0.55,3.28,5
0.99801,8,26,9.7,0.32,2.5,122,0.42,0.08,1.07,3.22,5
0.99652,9.3,41,10.9,0.39,1.5,55,0.36,0.08,0.73,3.47,6
0.99652,9.3,41,10.9,0.39,1.5,55,0.36,0.08,0.73,3.47,6
0.99538,7.6,10,11.7,0.02,2.5,14,0.735,0.071,0.71,3.51,7
0.99652,9.3,41,10.9,0.39,1.5,55,0.36,0.08,0.73,3.47,6
0.99594,8.2,16,11.3,0.34,2.5,47,0.26,0.073,0.78,3.4,7
0.99686,11.7,17,10.6,0.47,1.7,32,0.28,0.054,0.67,3.15,7
0.99438,6.8,15,11.2,0.22,1.8,24,0.56,0.074,0.82,3.4,6
0.99746,7.2,15,9.5,0.06,2.7,85,0.62,0.077,0.54,3.51,5
0.99357,5.8,15,11.5,0.66,2,88,1.01,0.039,0.6,3.66,6
0.99628,7.5,7,10.4,0.32,2.7,25,0.42,0.067,0.44,3.24,5
0.99746,7.2,17,9.7,0.06,2.5,84,0.62,0.078,0.53,3.51,5
0.99746,7.2,15,9.5,0.06,2.7,85,0.62,0.077,0.54,3.51,5
0.99748,7.2,16,9.7,0.07,2.6,86,0.635,0.077,0.54,3.51,5
0.99438,6.8,13,11.3,0.22,2.3,24,0.49,0.071,0.83,3.41,6
0.99438,6.9,13,11.2,0.23,2,22,0.51,0.072,0.84,3.4,6
0.99438,6.8,15,11.2,0.22,1.8,24,0.56,0.074,0.82,3.4,6
0.99578,7.6,27,10.9,0.03,2,43,0.63,0.08,0.64,3.44,6
0.99371,7.7,31,11.8,0.01,2.1,43,0.715,0.064,0.57,3.41,6
0.99522,6.9,36,10.6,0.03,1.5,46,0.56,0.086,0.57,3.53,5
0.99576,7.3,28,10,0.24,2,48,0.35,0.067,0.54,3.43,4
0.99552,9.1,6,11.1,0.37,1.6,10,0.21,0.067,0.58,3.23,7
0.99664,10.4,6,11.8,0.46,2.1,10,0.38,0.104,0.65,3.12,7
0.99614,8.8,7,11.8,0.4,2.8,16,0.31,0.109,0.79,3.31,7
0.99517,7.1,7,10.9,0,2.2,14,0.47,0.067,0.58,3.4,4
0.99371,7.7,31,11.8,0.01,2.1,43,0.715,0.064,0.57,3.41,6
0.99787,8.8,30,10,0.19,4,69,0.61,0.094,0.5,3.22,6
0.99745,7.2,18,9.5,0.04,2.5,88,0.6,0.076,0.55,3.53,5
0.99576,9.2,10,9.9,0.18,1.6,21,0.56,0.078,0.49,3.15,5
0.99533,7.6,30,11.4,0,2.1,35,0.715,0.068,0.65,3.48,6
0.99536,8.4,14,12,0.29,3.1,26,0.31,0.194,0.78,3.22,6
0.99745,7.2,18,9.5,0.04,2.5,88,0.6,0.076,0.55,3.53,5
0.99787,8.8,30,10,0.19,4,69,0.61,0.094,0.5,3.22,6
0.99824,8.9,9,10.5,0.14,2.5,30,0.75,0.086,0.64,3.34,5
0.99836,9,8,10.4,0.12,2.4,28,0.8,0.083,0.65,3.33,6
0.99577,10.7,29,12.1,0.38,2.6,56,0.52,0.066,0.79,3.15,7
0.99491,6.8,32,11.2,0,2.5,64,0.57,0.072,0.56,3.43,6
1.00289,10.7,23,9.3,0.34,6.6,99,0.9,0.112,0.68,3.22,5
0.99576,7.2,30,10.1,0.24,2,52,0.34,0.071,0.58,3.44,5
0.99743,7.2,16,9.7,0.03,2.3,86,0.66,0.078,0.57,3.53,5
0.99774,10.1,10,9.3,0.23,1.9,18,0.45,0.082,0.65,3.22,6
0.99743,7.2,16,9.7,0.03,2.3,86,0.66,0.078,0.57,3.53,5
0.99745,7.2,17,9.8,0.03,2.2,88,0.63,0.08,0.58,3.53,6
0.9955,7.1,27,10.7,0.01,2.3,43,0.59,0.08,0.58,3.42,6
0.99444,8.3,17,12.5,0.39,2.4,43,0.31,0.078,0.77,3.31,7
0.9955,7.1,27,10.7,0.01,2.3,43,0.59,0.08,0.58,3.42,6
0.99444,8.3,17,12.5,0.39,2.4,43,0.31,0.078,0.77,3.31,7
0.99892,8.3,6,11,0.02,3.4,11,1.02,0.084,0.49,3.48,3
0.99562,8.9,10,11.8,0.36,2.6,39,0.31,0.056,0.69,3.4,5
0.99736,7.4,16,10.8,0.1,2.4,33,0.635,0.08,0.69,3.58,7
0.99736,7.4,16,10.8,0.1,2.4,33,0.635,0.08,0.69,3.58,7
0.9962,6.8,11,10.8,0.06,6,18,0.59,0.06,0.59,3.41,7
0.9962,6.8,11,10.8,0.06,6,18,0.59,0.06,0.59,3.41,7
0.998,9.2,15,9.5,0.2,3,115,0.58,0.081,0.59,3.23,5
0.9964,7.2,12,11,0.27,2.6,78,0.54,0.084,0.71,3.39,5
0.9948,6.1,6,11.5,0,2.2,9,0.56,0.079,0.54,3.59,6
0.99528,7.4,34,10.8,0.13,2.4,61,0.52,0.078,0.59,3.43,6
0.99331,7.3,7,11.5,0.39,1.2,11,0.305,0.059,0.52,3.29,6
0.99577,9.3,3,13.2,0.48,3.8,11,0.38,0.132,0.57,3.23,6
0.99901,9.1,3,10.9,0.46,9,9,0.28,0.114,0.6,3.18,6
0.99674,10,4,12.2,0.44,2.9,8,0.46,0.065,0.62,3.33,6
0.99639,9.4,3,12.2,0.46,4.6,10,0.395,0.094,0.64,3.27,7
0.99331,7.3,7,11.5,0.39,1.2,11,0.305,0.059,0.52,3.29,6
0.99512,8.6,3,11.9,0.4,2.2,6,0.315,0.079,0.67,3.27,6
0.99395,5.3,7,11,0.19,1.5,62,0.715,0.161,0.61,3.62,5
0.99824,6.8,26,10.1,0.31,8.8,45,0.41,0.084,0.64,3.38,6
0.9964,8.4,32,11,0.32,2.2,79,0.36,0.081,0.72,3.3,6
0.99504,8.4,38,11.8,0.12,1.8,46,0.62,0.072,0.89,3.38,6
0.99786,9.6,10,10.5,0.37,2.3,23,0.41,0.091,0.56,3.24,5
0.9964,8.4,32,11,0.32,2.2,79,0.36,0.081,0.72,3.3,6
0.99504,8.4,38,11.8,0.12,1.8,46,0.62,0.072,0.89,3.38,6
0.99824,6.8,26,10.1,0.31,8.8,45,0.41,0.084,0.64,3.38,6
0.99516,8.6,14,11.2,0.27,2.3,28,0.47,0.055,0.8,3.18,5
0.99604,8.6,53,11,0.36,1.9,77,0.22,0.064,0.87,3.47,7
0.99786,9.4,52,10.2,0.33,2.3,73,0.24,0.061,0.9,3.47,6
0.99736,8.4,11,9.2,0.19,2.2,75,0.67,0.093,0.59,3.2,4
0.99516,8.6,14,11.2,0.27,2.3,28,0.47,0.055,0.8,3.18,5
0.99468,8.7,10,12,0.38,3.3,19,0.33,0.063,0.73,3.3,7
0.99746,6.6,8,10.5,0.01,1.9,25,0.61,0.08,0.73,3.69,5
0.99748,7.4,13,9.8,0.01,2,38,0.61,0.074,0.65,3.48,5
0.9971,7.6,29,9.5,0.29,1.9,66,0.4,0.078,0.59,3.45,6
0.99748,7.4,13,9.8,0.01,2,38,0.61,0.074,0.65,3.48,5
0.99746,6.6,8,10.5,0.01,1.9,25,0.61,0.08,0.73,3.69,5
0.99543,8.8,19,11.8,0.38,2.3,72,0.3,0.06,0.72,3.39,6
0.99543,8.8,19,11.8,0.38,2.3,72,0.3,0.06,0.72,3.39,6
0.99791,12,6,10.4,0.5,1.4,26,0.63,0.071,0.6,3.07,4
0.99356,7.2,23,12.9,0.38,2.8,42,0.38,0.068,0.72,3.34,7
0.99425,6.2,7,11.4,0.17,1.6,11,0.46,0.073,0.54,3.61,5
0.99509,9.6,13,12.4,0.52,2.2,25,0.33,0.074,0.76,3.36,7
0.99484,9.9,9,12.5,0.49,5,17,0.27,0.082,0.52,3.19,7
0.99834,10.1,13,10,0.4,2.6,52,0.43,0.092,0.64,3.22,7
0.99864,9.8,10,9.7,0.34,2.3,45,0.5,0.094,0.6,3.24,7
0.99498,8.3,11,12.1,0.49,3.8,24,0.3,0.09,0.64,3.27,7
0.99566,10.2,7,11.1,0.42,2,20,0.44,0.071,0.79,3.14,7
0.99745,10.2,11,12,0.58,4.1,24,0.44,0.092,0.99,3.29,7
0.99408,8.3,6,12.4,0.48,2.1,12,0.28,0.093,0.62,3.26,7
0.99552,8.9,10,11.9,0.45,1.8,21,0.12,0.075,0.76,3.41,7
0.99552,8.9,10,11.9,0.45,1.8,21,0.12,0.075,0.76,3.41,7
0.99552,8.9,10,11.9,0.45,1.8,21,0.12,0.075,0.76,3.41,7
0.99408,8.3,6,12.4,0.48,2.1,12,0.28,0.093,0.62,3.26,7
0.99536,8.2,6,11.2,0.4,2.2,10,0.31,0.058,0.68,3.31,7
0.99458,10.2,5,12.1,0.48,2.1,9,0.34,0.052,0.69,3.2,7
0.99538,7.6,6,12.2,0.4,2.7,11,0.43,0.082,0.54,3.44,6
0.99648,8.5,9,10.4,0.52,1.9,23,0.21,0.09,0.67,3.36,5
0.99568,9,5,11.3,0.52,2.1,10,0.36,0.111,0.62,3.31,6
0.99613,9.5,12,11.1,0.52,2,51,0.37,0.088,0.58,3.29,6
0.99519,6.4,25,11.3,0.12,2.3,36,0.57,0.12,0.71,3.47,7
0.99735,8,12,10,0.05,2,32,0.59,0.089,0.61,3.36,5
0.99518,8.5,18,11.1,0.27,1.9,38,0.47,0.058,0.85,3.16,6
0.99592,7.1,7,9.3,0.14,1.6,18,0.56,0.078,0.62,3.27,5
0.99654,6.6,6,9.5,0.02,2.1,16,0.57,0.115,0.69,3.38,5
0.99546,8.8,20,11.2,0.39,2,27,0.27,0.1,0.69,3.15,6
0.99518,8.5,18,11.1,0.27,1.9,38,0.47,0.058,0.85,3.16,6
0.99554,8.3,24,11,0.4,2.4,48,0.34,0.065,0.86,3.34,6
0.99604,9,6,11.9,0.41,2.4,10,0.38,0.103,0.58,3.13,7
0.99733,8.5,23,9.2,0.2,2.1,113,0.66,0.097,0.48,3.13,5
0.9943,9,29,12.2,0.43,2.4,46,0.4,0.068,0.6,3.2,6
0.99669,6.7,7,10.2,0.09,2.9,22,0.56,0.079,0.61,3.46,5
0.99724,10.4,6,10.9,0.48,1.9,10,0.26,0.066,0.87,3.33,6
0.99724,10.4,6,10.9,0.48,1.9,10,0.26,0.066,0.87,3.33,6
0.99643,10.1,6,11.6,0.5,2.4,13,0.38,0.104,0.65,3.22,7
0.99605,8.5,6,10.7,0.44,1.7,12,0.34,0.079,0.63,3.52,5
0.99658,8.8,7,12.1,0.41,5.9,13,0.33,0.073,0.62,3.3,7
0.997,7.2,35,9.4,0.3,2.1,72,0.41,0.083,0.52,3.44,5
0.997,7.2,35,9.4,0.3,2.1,72,0.41,0.083,0.52,3.44,5
0.99801,8.4,31,9.1,0.29,2.6,119,0.59,0.109,0.5,3.15,5
0.99416,7,9,11.3,0.32,3.6,29,0.4,0.061,0.49,3.28,7
0.9969,12.2,3,10.4,0.49,1.4,6,0.45,0.075,0.63,3.13,5
0.99774,9.1,8,10.5,0.3,1.9,17,0.5,0.065,0.71,3.32,6
0.99712,9.5,13,10,0.26,1.9,28,0.86,0.079,0.62,3.25,5
0.99418,7.3,51,12.9,0.32,2.1,70,0.52,0.07,0.82,3.34,6
0.99774,9.1,8,10.5,0.3,1.9,17,0.5,0.065,0.71,3.32,6
0.9969,12.2,3,10.4,0.49,1.4,6,0.45,0.075,0.63,3.13,5
0.99562,7.4,7,11.3,0,2,11,0.58,0.064,0.58,3.45,6
0.9947,9.8,3,11.4,0.39,1.4,7,0.34,0.066,0.55,3.19,7
0.99693,7.1,35,9.4,0.3,1.6,70,0.36,0.08,0.5,3.44,5
0.99596,7.7,19,9.4,0.12,1.7,27,0.39,0.097,0.49,3.16,5
0.99556,9.7,14,10.9,0.4,1.5,21,0.295,0.073,0.51,3.14,6
0.99596,7.7,19,9.4,0.12,1.7,27,0.39,0.097,0.49,3.16,5
0.99694,7.1,31,9.4,0.28,2,68,0.34,0.082,0.48,3.45,5
0.99554,6.5,30,9.4,0.1,2,47,0.4,0.076,0.48,3.36,6
0.99694,7.1,31,9.4,0.28,2,68,0.34,0.082,0.48,3.45,5
0.99918,10,20,9.4,0.45,2.5,88,0.35,0.092,0.43,3.15,5
0.99697,7.7,19,10.1,0.06,2,41,0.6,0.079,0.62,3.39,6
0.99378,5.6,3,12.8,0,2.2,11,0.66,0.087,0.63,3.71,7
0.99378,5.6,3,12.8,0,2.2,11,0.66,0.087,0.63,3.71,7
0.99554,8.9,4,9.1,0.34,1.4,10,0.84,0.05,0.48,3.12,6
0.99162,6.4,7,12.9,0,1.65,12,0.69,0.055,0.53,3.47,6
0.99495,7.5,6,11.5,0.3,2.2,12,0.43,0.062,0.72,3.44,7
0.99676,9.9,31,10.6,0.38,1.5,47,0.35,0.058,0.82,3.26,7
0.99516,9.1,13,11.7,0.33,2.05,27,0.29,0.063,0.84,3.26,7
0.9928,6.8,4,12.8,0.32,1.8,8,0.36,0.067,0.55,3.36,7
0.99603,8.2,27,10.3,0.29,1.6,45,0.43,0.081,0.54,3.25,5
0.9928,6.8,4,12.8,0.32,1.8,8,0.36,0.067,0.55,3.36,7
0.99516,9.1,13,11.7,0.33,2.05,27,0.29,0.063,0.84,3.26,7
0.99516,9.1,12,11.7,0.34,2,25,0.3,0.064,0.84,3.26,7
0.99549,8.9,12,12,0.4,3.6,24,0.35,0.11,0.7,3.23,7
0.99722,9.6,26,10.9,0.36,2.8,55,0.5,0.116,0.68,3.18,5
0.99354,8.9,7,12.3,0.45,1.7,12,0.28,0.067,0.55,3.25,7
0.9957,8.9,12,10.4,0.31,2,19,0.32,0.088,0.55,3.17,6
0.99604,7.7,11,10,0.15,2.1,32,1.005,0.102,0.48,3.23,5
0.99635,7.5,22,10,0,1.6,31,0.71,0.092,0.58,3.38,6
0.99454,8,3,11.2,0.16,2,7,0.58,0.12,0.58,3.22,6
0.99598,10.5,14,11.4,0.46,2.2,27,0.39,0.075,0.84,3.06,6
0.99486,8.9,12,12.6,0.4,2.2,28,0.38,0.068,0.75,3.27,7
0.99007,8,36,12.7,0.37,0.9,109,0.18,0.049,0.44,2.89,6
0.99007,8,36,12.7,0.37,0.9,109,0.18,0.049,0.44,2.89,6
0.99636,7,10,10.4,0.14,1.8,23,0.5,0.078,0.61,3.53,5
0.99642,11.3,3,11.9,0.66,2.4,8,0.36,0.123,0.53,3.2,6
0.99642,11.3,3,11.9,0.66,2.4,8,0.36,0.123,0.53,3.2,6
0.99584,7,4,10.5,0.09,2.1,9,0.51,0.062,0.54,3.35,5
0.99506,8.2,3,12.3,0.42,2.3,9,0.32,0.098,0.55,3.27,6
0.99568,7.7,12,10.5,0.01,1.8,18,0.58,0.088,0.56,3.32,7
0.99822,8.6,17,10.4,0,2.8,43,0.83,0.095,0.6,3.33,6
0.99364,7.9,14,12.6,0.32,1.9,36,0.31,0.066,0.56,3.41,6
0.99378,6.4,28,11.6,0,2.2,52,0.795,0.065,0.52,3.49,5
0.99586,7.2,41,10.1,0.21,2.5,68,0.34,0.075,0.54,3.37,6
0.99568,7.7,12,10.5,0.01,1.8,18,0.58,0.088,0.56,3.32,7
0.99488,7.1,9,11.5,0,2.1,14,0.59,0.091,0.55,3.42,7
0.99514,7.3,9,11,0.01,1.8,15,0.55,0.093,0.58,3.35,7
0.99854,8.1,5,9.6,0,4.1,14,0.82,0.095,0.53,3.36,5
0.99592,7.5,14,10.4,0.08,2.6,27,0.57,0.089,0.59,3.3,6
0.99739,8.9,15,9.7,0.18,2.5,48,0.745,0.077,0.47,3.2,6
0.99683,10.1,5,10.6,0.34,2.4,17,0.37,0.085,0.65,3.17,7
0.99356,7.6,26,12.5,0.34,2.5,35,0.31,0.082,0.59,3.22,7
0.99672,7.3,20,9.2,0.1,1.8,56,0.91,0.074,0.56,3.35,5
0.9953,8.7,25,12.6,0.41,6.2,42,0.41,0.078,0.77,3.24,7
0.99692,8.9,21,11.1,0.21,2.2,39,0.5,0.088,0.83,3.33,6
0.99756,7.4,16,10.2,0,2.2,32,0.965,0.088,0.67,3.58,5
0.99547,6.9,13,9.8,0.19,1.7,26,0.49,0.079,0.64,3.38,6
0.99692,8.9,21,11.1,0.21,2.2,39,0.5,0.088,0.83,3.33,6
0.99859,9.5,18,10.9,0.41,8.9,39,0.39,0.069,0.81,3.29,7
0.99294,6.4,12,12.2,0.33,3.3,53,0.39,0.046,0.62,3.36,6
0.99438,6.9,32,11.4,0,1.4,38,0.44,0.07,0.58,3.32,6
0.99612,7.6,33,10.7,0,1.7,45,0.78,0.076,0.62,3.31,6
0.99634,7.1,27,10.4,0.17,1.8,51,0.43,0.082,0.64,3.49,5
0.99702,9.3,3,10.9,0.36,1.7,14,0.49,0.081,0.78,3.27,6
0.99704,9.3,6,10.8,0.36,1.8,17,0.5,0.084,0.77,3.27,6
0.99634,7.1,27,10.4,0.17,1.8,51,0.43,0.082,0.64,3.49,5
0.99702,8.5,16,9.2,0.59,1.4,45,0.46,0.414,1.34,3.03,5
0.99258,5.6,19,12.9,0.05,2.4,25,0.605,0.073,0.55,3.56,5
0.99426,8.3,9,12.7,0.42,2.3,20,0.33,0.07,0.77,3.38,7
0.99747,8.2,5,9.1,0.27,2,77,0.64,0.095,0.62,3.13,6
0.99747,8.2,5,9.1,0.27,2,77,0.64,0.095,0.62,3.13,6
0.99586,8.9,3,12.1,0.53,4,10,0.48,0.101,0.59,3.21,7
0.99784,7.6,28,9.1,0.25,3.9,90,0.42,0.104,0.57,3.15,5
0.9971,9.9,30,11.6,0.57,2.4,52,0.53,0.093,0.76,3.19,7
0.99586,8.9,3,12.1,0.53,4,10,0.48,0.101,0.59,3.21,7
0.9981,11.6,3,9.9,0.57,1.8,8,0.23,0.074,0.7,3.14,6
0.99462,9.1,7,12.5,0.5,1.8,16,0.4,0.071,0.69,3.21,8
0.9956,8,6,11.4,0.44,1.9,15,0.38,0.098,0.64,3.3,6
0.99565,10.2,6,11.8,0.65,2.4,17,0.29,0.075,0.63,3.22,6
0.99418,8.2,5,11.8,0.09,2,10,0.74,0.067,0.57,3.28,6
0.9963,7.7,6,10.2,0.18,2.4,20,0.61,0.083,0.6,3.29,6
0.99358,6.6,13,12.5,0.08,2.4,26,0.52,0.07,0.72,3.4,7
0.99572,11.1,3,10.9,0.53,2.2,10,0.31,0.06,0.83,3.02,7
0.99572,11.1,3,10.9,0.53,2.2,10,0.31,0.06,0.83,3.02,7
0.997,8,28,10.8,0.35,2.8,52,0.62,0.086,0.62,3.31,5
0.99498,9.3,19,11.1,0.45,1.5,37,0.33,0.057,0.89,3.18,7
0.99892,7.5,30,9.2,0.2,8.1,92,0.77,0.098,0.58,3.2,5
0.9968,7.2,33,9.5,0.26,1.8,75,0.35,0.083,0.58,3.4,6
0.9972,8,16,10.7,0.33,2.7,37,0.62,0.088,0.58,3.31,6
0.99892,7.5,30,9.2,0.2,8.1,92,0.77,0.098,0.58,3.2,5
0.99769,9.1,45,10.2,0.34,2,67,0.25,0.071,0.86,3.44,7
0.99534,9.9,3,11.4,0.56,2,8,0.32,0.073,0.73,3.15,6
0.99817,8.6,3,11,0.65,6.4,8,0.37,0.08,0.58,3.27,5
0.99817,8.6,3,11,0.65,6.4,8,0.37,0.08,0.58,3.27,5
0.99316,7.9,37.5,12.3,0.68,8.3,278,0.3,0.05,0.51,3.01,7
0.99471,10.3,3,11.8,0.56,1.4,8,0.27,0.047,0.51,3.16,6
0.99316,7.9,37.5,12.3,0.68,8.3,289,0.3,0.05,0.51,3.01,7
0.99685,7.2,31,9.5,0.3,1.8,70,0.38,0.073,0.59,3.42,6
0.99617,8.7,32,12,0.45,2.4,59,0.42,0.072,0.77,3.33,6
0.99685,7.2,31,9.5,0.3,1.8,70,0.38,0.073,0.59,3.42,6
0.99529,6.8,40,9.6,0.08,1.8,64,0.48,0.074,0.49,3.12,5
0.99738,8.5,3,11.6,0.4,4.7,9,0.34,0.055,0.66,3.38,7
0.994,7.9,18,11.2,0.42,1.6,30,0.19,0.057,0.69,3.29,6
0.99735,11.6,22,9.9,0.54,1.5,41,0.41,0.095,0.76,3.02,7
0.99735,11.6,22,9.9,0.54,1.5,41,0.41,0.095,0.76,3.02,7
0.99451,10,42,11.8,0.54,1.9,74,0.26,0.083,0.63,2.98,8
0.99546,7.9,8,11.4,0.42,2,19,0.34,0.086,0.6,3.35,6
0.99479,7,10,11.5,0.09,2,16,0.54,0.081,0.59,3.43,6
0.99615,9.2,11,12,0.36,2.2,31,0.31,0.079,0.86,3.33,7
0.99655,6.6,9,10.8,0.09,5.5,17,0.725,0.117,0.49,3.35,6
0.99772,9.4,6,10.5,0.47,2.5,20,0.4,0.087,0.5,3.15,5
0.99655,6.6,9,10.8,0.09,5.5,17,0.725,0.117,0.49,3.35,6
0.99666,8.6,5,9.4,0.38,1.5,18,0.52,0.096,0.52,3.2,5
0.99358,8,5,12.5,0.45,2.1,16,0.31,0.216,0.81,3.15,7
0.99666,8.6,5,9.4,0.38,1.5,18,0.52,0.096,0.52,3.2,5
0.99392,8.4,23,12.4,0.42,2.1,36,0.34,0.072,0.78,3.11,6
0.99388,7.4,14,12,0.27,2.1,25,0.49,0.071,0.63,3.35,6
0.99402,6.1,18,11.2,0.09,1.7,30,0.48,0.078,0.54,3.45,6
0.99388,7.4,14,12,0.27,2.1,25,0.49,0.071,0.63,3.35,6
0.9936,8,16,12.4,0.34,2.2,25,0.48,0.073,0.66,3.28,6
0.99374,6.3,13,12.8,0.28,2.1,49,0.57,0.048,0.6,3.41,5
0.99376,8.2,9,12.3,0.42,1.9,17,0.23,0.069,0.54,3.21,6
0.99523,9.1,10,11.7,0.41,2,24,0.3,0.068,0.85,3.27,7
0.99855,8.1,4,9.5,0.1,3.3,13,0.78,0.09,0.49,3.36,5
0.9982,10.8,27,10.8,0.43,2.1,66,0.47,0.171,0.76,3.17,6
0.99593,8.3,6,10,0,1.4,14,0.53,0.07,0.64,3.25,6
0.99471,5.4,23,12.3,0.27,2,55,0.42,0.092,0.64,3.78,7
0.99396,7.9,6,11,0.41,1.5,35,0.33,0.056,0.71,3.29,6
0.99698,8.9,3,9.5,0.39,1.6,10,0.24,0.074,0.59,3.12,6
0.9902,5,29,13.6,0.5,4.3,80,0.4,0.046,0.66,3.49,6
0.99572,7,15,11.3,0.07,2.5,21,0.69,0.091,0.6,3.38,6
0.99572,7,15,11.3,0.07,2.5,21,0.69,0.091,0.6,3.38,6
0.99572,7,15,11.3,0.07,2.5,21,0.69,0.091,0.6,3.38,6
0.99252,7.1,14,13.3,0.12,2.1,24,0.39,0.065,0.53,3.3,6
0.99256,5.6,7,12.9,0,2.5,15,0.66,0.066,0.58,3.52,5
0.99235,7.9,8,13.1,0.34,2.5,17,0.54,0.076,0.72,3.2,8
0.99352,6.6,21,12.3,0,1.8,28,0.5,0.062,0.55,3.44,6
0.9922,6.3,27,12.3,0,1.4,33,0.47,0.055,0.48,3.45,6
0.99674,10.7,17,11.2,0.37,1.9,29,0.4,0.081,0.65,3.12,6
0.99557,6.5,3,11.5,0,2.2,13,0.58,0.096,0.62,3.62,4
0.99394,8.8,13,11.3,0.35,1.7,27,0.24,0.055,0.59,3.14,7
0.9915,5.8,3,13.5,0.26,1.7,11,0.29,0.063,0.54,3.39,6
0.99379,6.3,26,11.5,0,2.9,52,0.76,0.072,0.6,3.51,6
0.9984,10,28,10,0.33,2.7,89,0.43,0.095,0.68,3.22,5
0.99798,10.5,24,10.5,0.35,3.3,70,0.43,0.092,0.69,3.21,6
0.9977,9.1,5,10.4,0,1.9,10,0.6,0.058,0.63,3.18,6
0.99341,5.9,57,9.5,0.21,1.7,135,0.19,0.045,0.44,3.32,5
0.9933,7.4,18,13.6,0.34,1.8,38,0.36,0.075,0.88,3.38,7
0.99684,7.2,10,11.2,0.07,5.5,18,0.48,0.089,0.68,3.37,7
0.99524,8.5,6,11.8,0.35,1.7,15,0.28,0.061,0.74,3.3,7
0.9946,8,22,11.9,0.43,1.7,50,0.25,0.067,0.6,3.38,6
0.99774,10.4,6,11.4,0.45,2,13,0.52,0.08,0.76,3.22,6
0.99774,10.4,6,11.4,0.45,2,13,0.52,0.08,0.76,3.22,6
0.99786,7.5,29,9.1,0.15,3.7,94,0.41,0.104,0.58,3.14,5
0.99764,8.2,16,9.5,0.24,2,86,0.51,0.079,0.64,3.34,6
0.9969,7.3,33,9.5,0.3,1.7,79,0.4,0.08,0.65,3.41,6
0.99624,8.2,24,11,0.32,2.5,71,0.38,0.08,0.85,3.27,6
0.99354,6.9,6,11.4,0.11,2.4,12,0.45,0.043,0.65,3.3,6
0.99672,7,16,10,0.3,1.8,20,0.22,0.065,0.82,3.61,6
0.99588,7.3,35,10.1,0.23,2.3,70,0.32,0.066,0.62,3.43,5
0.99672,8.2,31,10.4,0.43,2.5,51,0.2,0.076,0.81,3.53,6
0.996,7.8,6,9.8,0.12,1.8,21,0.5,0.178,0.87,3.28,6
0.99702,10,6,11.8,0.45,6.2,14,0.41,0.071,0.49,3.21,7
0.99526,7.8,9,11.6,0.42,2,21,0.39,0.086,0.66,3.39,6
0.99585,10,6,12,0.47,2,11,0.35,0.061,0.52,3.23,6
0.99473,8.2,4,12.8,0.32,2.8,12,0.33,0.067,0.76,3.3,7
0.99352,6.1,16,12.5,0.23,2.5,70,0.58,0.044,0.65,3.46,6
0.99616,8.3,9,9.8,0.25,2.2,38,0.6,0.118,0.53,3.15,5
0.99622,9.6,17,11.1,0.35,2.1,38,0.42,0.083,0.66,3.23,6
0.99544,6.6,50,11.4,0,2.2,63,0.58,0.1,0.68,3.59,6
0.99616,8.3,9,9.8,0.25,2.2,38,0.6,0.118,0.53,3.15,5
0.99524,8.5,45,11.8,0.51,1.75,88,0.18,0.071,0.76,3.33,7
0.9924,5.1,16,12.9,0.18,2.1,101,0.51,0.042,0.87,3.46,7
0.99572,6.7,22,10.6,0.43,2.8,54,0.41,0.076,1.16,3.42,6
0.99728,10.2,11,10.8,0.43,2.2,37,0.41,0.11,0.67,3.16,5
0.99676,10.6,6,11.1,0.57,2.3,20,0.36,0.087,0.72,3.14,7
0.99551,8.8,12,10.2,0.43,1.4,21,0.45,0.076,0.75,3.21,6
0.99434,8.5,12,11.8,0.42,2.3,19,0.32,0.075,0.71,3.14,7
0.99692,9,10,10,0.24,1.7,21,0.785,0.078,0.67,3.29,5
0.99692,9,10,10,0.24,1.7,21,0.785,0.078,0.67,3.29,5
0.99634,8.5,15,9.4,0.5,1.9,38,0.44,0.369,1.1,3.01,5
0.99709,9.9,7,10.2,0.26,2,60,0.54,0.111,0.98,2.94,5
0.99528,8.2,29,12.4,0.39,2.5,48,0.33,0.074,0.88,3.32,7
0.99384,6.5,8,12,0.27,2.8,44,0.34,0.067,0.56,3.21,6
0.99502,7.6,5,11.5,0.29,2.3,14,0.5,0.086,0.62,3.32,6
0.99667,9.2,5,10.5,0.34,1.6,12,0.36,0.062,0.67,3.2,6
0.99522,7.1,26,10.8,0,2.2,44,0.59,0.078,0.68,3.42,6
0.99649,9.7,5,12.3,0.46,2.1,16,0.42,0.074,0.74,3.27,6
0.99716,7.6,26,9.5,0.31,1.7,65,0.36,0.079,0.62,3.46,6
0.99716,7.6,26,9.5,0.31,1.7,65,0.36,0.079,0.62,3.46,6
0.99541,6.5,48,11.5,0,2.2,59,0.61,0.095,0.7,3.61,6
0.99572,6.5,23,11.2,0.03,5.6,47,0.88,0.079,0.5,3.58,4
0.99318,7.1,6,12.7,0,2.4,11,0.66,0.052,0.66,3.35,7
0.99346,5.6,17,11.4,0,2.1,78,0.915,0.041,0.73,3.68,5
0.99599,8.2,11,11,0.33,2.4,47,0.35,0.076,0.81,3.27,6
0.99599,8.2,11,11,0.33,2.4,47,0.35,0.076,0.81,3.27,6
0.99478,9.8,5,11.4,0.43,1.65,11,0.39,0.068,0.46,3.19,5
0.99754,10.2,41,10.5,0.4,2.5,54,0.4,0.068,0.86,3.38,6
0.99572,6.8,16,9.3,0.07,1.6,61,0.66,0.07,0.6,3.29,5
0.99538,6.7,11,10.9,0.23,2.1,119,0.64,0.08,0.7,3.36,5
0.99346,7,6,11.9,0.3,2,39,0.43,0.085,0.46,3.33,6
0.9963,6.6,6,12.2,0.03,7.8,12,0.8,0.079,0.5,3.52,5
0.99346,7,6,11.9,0.3,2,39,0.43,0.085,0.46,3.33,6
0.99538,6.7,11,10.9,0.23,2.1,119,0.64,0.08,0.7,3.36,5
0.99616,8.8,5,9.6,0.05,1.8,19,0.955,0.075,0.44,3.3,4
0.99652,9.1,6,12.5,0.57,4.6,20,0.4,0.08,0.57,3.28,6
0.99551,6.5,6,10.8,0,2.3,12,0.885,0.166,0.51,3.56,5
0.99439,7.2,11,12.4,0.37,2.5,41,0.25,0.063,0.8,3.52,7
0.99551,6.4,6,10.8,0,2.3,12,0.885,0.166,0.51,3.56,5
0.99588,7,15,9.5,0.12,1.8,64,0.745,0.114,0.59,3.22,6
0.99633,6.2,21,9.5,0.22,1.8,56,0.43,0.078,0.6,3.52,6
0.99686,7.9,23,9.5,0.23,2.3,94,0.58,0.076,0.58,3.21,6
0.99458,7.7,4,9.8,0.21,1.5,9,0.57,0.069,0.54,3.16,6
0.9951,7.7,19,10.9,0.26,2,77,0.26,0.052,0.79,3.15,6
0.99686,7.9,23,9.5,0.23,2.3,94,0.58,0.076,0.58,3.21,6
0.99458,7.7,4,9.8,0.21,1.5,9,0.57,0.069,0.54,3.16,6
0.99419,7.9,5,11.2,0.36,1.9,10,0.34,0.065,0.54,3.27,7
0.99516,8.6,6,11.7,0.39,1.8,12,0.42,0.068,0.69,3.35,8
0.99878,9.9,33,9.4,0.19,5.8,76,0.74,0.111,0.55,3.14,5
0.99534,7.2,24,11,0.46,2.1,44,0.36,0.074,0.85,3.4,7
0.99534,7.2,24,11,0.46,2.1,44,0.36,0.074,0.85,3.4,7
0.99534,7.2,24,11,0.46,2.1,44,0.36,0.074,0.85,3.4,7
0.99752,9.9,24,10,0.55,1.7,52,0.72,0.136,0.94,3.35,5
0.99534,7.2,24,11,0.46,2.1,44,0.36,0.074,0.85,3.4,7
0.99428,6.2,14,11.2,0.43,2,24,0.39,0.071,0.87,3.45,7
0.99498,6.8,8,10.4,0.02,2.1,15,0.65,0.078,0.62,3.35,6
0.9957,6.6,22,9.3,0.15,2.1,53,0.44,0.076,0.62,3.32,5
0.99498,6.8,8,10.4,0.02,2.1,15,0.65,0.078,0.62,3.35,6
0.99659,9.6,5,10.5,0.42,1.9,13,0.38,0.071,0.75,3.15,6
0.99628,10.2,6,10.4,0.46,1.9,9,0.33,0.081,0.48,3.1,6
0.99488,8.8,20,11.3,0.46,2.1,29,0.27,0.095,0.56,3.26,6
0.99677,7.9,10,9.5,0.31,2,79,0.57,0.079,0.69,3.29,6
0.99408,8.2,43,12,0.37,1.9,74,0.34,0.057,0.81,3.23,6
0.996,8.2,8,10.6,0.31,1.9,24,0.4,0.082,0.69,3.24,6
0.99478,9,25,10.9,0.4,1.3,50,0.39,0.044,0.83,3.2,6
0.99734,10.9,17,11.5,0.52,1.8,44,0.32,0.132,0.77,3.28,6
0.99734,10.9,17,11.5,0.52,1.8,44,0.32,0.132,0.77,3.28,6
0.99678,8.1,33,9.6,0.22,2.2,89,0.53,0.078,0.46,3.26,6
0.99638,10.5,9,12,0.47,2.2,23,0.36,0.074,0.76,3.23,6
0.9992,12.6,8,10.3,0.49,2.5,20,0.39,0.08,0.82,3.07,6
0.99922,9.2,18,9.4,0.23,2.6,77,0.46,0.091,0.51,3.15,5
0.99592,7.5,27,9.2,0.03,4.1,46,0.58,0.08,0.47,3.02,5
0.99769,9,8,9.6,0.25,2,21,0.58,0.104,0.72,3.27,5
0.99157,5.1,18,13.6,0,1.8,88,0.42,0.044,0.73,3.68,7
0.99718,7.6,19,9.5,0.29,2.1,66,0.43,0.075,0.64,3.4,5
0.9947,7.7,15,11.8,0.34,2.7,58,0.18,0.066,0.78,3.37,6
0.99621,7.8,48,10.8,0.01,2.6,90,0.815,0.074,0.62,3.38,5
0.99718,7.6,19,9.5,0.29,2.1,66,0.43,0.075,0.64,3.4,5
0.99614,10.2,14,9.3,0.37,2.2,36,0.23,0.057,0.49,3.23,4
0.99242,7.1,11,12.8,0.01,2.2,18,0.75,0.059,0.4,3.39,6
0.99572,6,6,11.5,0.32,12.9,113,0.33,0.054,0.56,3.3,4
0.99659,7.8,7,9.4,0,1.7,17,0.55,0.07,0.64,3.26,6
0.99242,7.1,11,12.8,0.01,2.2,18,0.75,0.059,0.4,3.39,6
0.99798,8.1,12,9.6,0,2.5,24,0.73,0.081,0.46,3.38,4
0.99488,6.5,11,11.8,0,4.3,20,0.67,0.057,0.56,3.45,4
0.99494,7.5,36,9.3,0.2,1.7,60,0.61,0.076,0.4,3.1,5
0.99729,9.8,28,9.8,0.39,2.5,65,0.37,0.079,0.59,3.16,5
0.99414,9,15,12.2,0.41,2,40,0.4,0.058,0.6,3.22,6
0.9983,8.3,10,9.5,0.22,2.4,86,0.56,0.082,0.62,3.37,5
0.99721,5.9,72,10.3,0.25,13.4,160,0.29,0.067,0.54,3.33,6
0.99655,7.4,15,10.5,0.19,1.8,34,0.55,0.082,0.68,3.49,5
0.99502,7.4,15,10,0.07,1.7,48,0.74,0.086,0.48,3.12,5
0.99655,7.4,15,10.5,0.19,1.8,34,0.55,0.082,0.68,3.49,5
0.9949,6.9,22,11.1,0.33,2.2,36,0.41,0.081,0.75,3.41,6
0.99514,7.1,24,10.9,0.01,2.3,37,0.6,0.079,0.61,3.4,6
0.99514,7.1,24,10.9,0.01,2.3,37,0.6,0.079,0.61,3.4,6
0.9963,7.5,27,9.8,0.14,2.2,60,0.58,0.077,0.59,3.28,5
0.99627,7.1,6,9.8,0,1.8,14,0.72,0.123,0.58,3.45,5
0.99569,7.9,6,9.5,0,1.4,13,0.66,0.096,0.58,3.43,5
0.99628,7.8,20,10.9,0.06,1.9,35,0.7,0.079,0.69,3.4,5
0.99358,6.1,26,11,0.02,2.4,46,0.64,0.069,0.45,3.47,5
0.99499,7.5,43,9.2,0.22,1.8,60,0.59,0.082,0.42,3.1,5
0.99633,7,12,11,0.28,4.8,69,0.58,0.085,0.7,3.32,6
0.99538,6.8,15,11.3,0,2.7,33,0.64,0.123,0.63,3.44,6
0.99538,6.8,15,11.3,0,2.7,33,0.64,0.123,0.63,3.44,6
0.99632,8.6,19,9.3,0.68,1.8,56,0.635,0.403,1.15,3.02,5
0.99437,6.3,17,11.2,0,2,24,1.02,0.083,0.55,3.59,4
0.99726,9.8,34,9.8,0.38,2.5,66,0.45,0.081,0.58,3.15,5
0.9978,8.2,13,9.6,0,2.2,26,0.78,0.089,0.46,3.37,4
0.99456,8.5,26,11.8,0.32,1.8,51,0.37,0.066,0.72,3.38,6
0.99564,7.2,16,10.3,0.05,2.3,36,0.57,0.081,0.6,3.38,6
0.99564,7.2,16,10.3,0.05,2.3,36,0.57,0.081,0.6,3.38,6
0.996,10.4,13,11.4,0.5,2.3,19,0.43,0.068,0.87,3.1,6
0.99668,6.9,21,9.5,0.31,2,51,0.41,0.079,0.55,3.47,6
0.9908,5.5,28,14,0.03,1.8,87,0.49,0.044,0.82,3.5,8
0.99084,5,26,14,0.01,1.6,60,0.38,0.048,0.75,3.7,6
0.9935,7.3,24,11.7,0.2,1.6,64,0.44,0.049,0.57,3.38,6
0.99385,5.9,25,11.2,0,1.9,44,0.46,0.077,0.53,3.5,5
0.99494,7.5,34,9.3,0.2,2,44,0.58,0.073,0.43,3.1,5
0.9944,7.8,17,11.2,0.13,2.1,36,0.58,0.102,0.53,3.24,6
0.99688,8,13,9.5,0.22,2.3,81,0.715,0.075,0.54,3.24,6
0.99566,8.5,3,12,0.4,6.3,10,0.4,0.05,0.56,3.28,4
0.99636,7,3,9.7,0,1.9,10,0.69,0.114,0.6,3.35,6
0.99688,8,13,9.5,0.22,2.3,81,0.715,0.075,0.54,3.24,6
0.9948,9.8,3,11.5,0.39,1.7,9,0.3,0.062,0.57,3.14,7
0.9956,7.1,28,10.4,0.2,1.9,54,0.46,0.077,0.64,3.37,6
0.9956,7.1,28,10.4,0.2,1.9,54,0.46,0.077,0.64,3.37,6
0.99619,7.9,9,10.9,0,2,22,0.765,0.084,0.68,3.33,6
0.99734,8.7,17,10.2,0.28,2.7,69,0.63,0.096,0.63,3.26,6
0.99476,7,18,10.9,0.19,2.3,36,0.42,0.071,0.56,3.39,5
0.99734,11.3,20,10.5,0.5,1.8,47,0.37,0.09,0.57,3.15,5
0.99328,7.1,17,12.4,0.44,2.5,31,0.16,0.068,0.54,3.35,6
0.99286,8,3,13,0.08,2.6,7,0.6,0.056,0.37,3.22,5
0.99914,7,20,10.2,0.3,4.5,110,0.6,0.068,1.17,3.3,5
0.99914,7,20,10.2,0.3,4.5,110,0.6,0.068,1.17,3.3,5
0.99521,7.6,6,11,0,1.9,12,0.74,0.1,0.59,3.36,5
0.99638,8.2,25,10.9,0.1,2.1,60,0.635,0.073,0.75,3.29,6
0.99362,5.9,14,12.4,0.13,2.4,28,0.395,0.056,0.67,3.62,6
0.99672,7.5,6,9.7,0,1.9,12,0.755,0.084,0.49,3.34,4
0.99638,8.2,25,10.9,0.1,2.1,60,0.635,0.073,0.75,3.29,6
0.99558,6.6,51,9.5,0,4.3,77.5,0.63,0.093,0.45,3.2,5
0.99558,6.6,51,9.5,0,4.3,77.5,0.63,0.093,0.45,3.2,5
0.99323,7.2,15,12.1,0.14,2.1,29,0.53,0.064,0.61,3.35,6
0.99191,5.7,11,12.2,0,1.4,18,0.6,0.063,0.56,3.45,6
0.99476,7.6,5,10.9,0,2.1,9,1.58,0.137,0.4,3.5,3
0.99444,5.2,15,12.5,0,2.15,28,0.645,0.08,0.61,3.78,6
0.99598,6.7,20,11.7,0.07,2,57,0.86,0.1,0.74,3.6,6
0.99576,9.1,4,11.2,0.32,2.1,15,0.37,0.064,0.8,3.3,6
0.99501,8,28,11.2,0.44,1.8,68,0.28,0.081,0.66,3.36,5
0.9955,7.6,21,9.2,0.21,2.3,68,0.79,0.087,0.44,3.12,5
0.99612,7.5,24,9.8,0.26,1.9,88,0.61,0.073,0.53,3.3,5
0.9979,9.7,22,10.1,0.32,2.5,91,0.69,0.088,0.62,3.29,5
0.99524,6.8,15,11.1,0.09,3.9,29,0.68,0.068,0.52,3.41,4
0.9979,9.7,22,10.1,0.32,2.5,91,0.69,0.088,0.62,3.29,5
0.996,7,27,9.2,0.1,1.4,63,0.62,0.071,0.61,3.28,5
0.99612,7.5,24,9.8,0.26,1.9,88,0.61,0.073,0.53,3.3,5
0.9929,6.5,12,12.8,0.15,3,27,0.51,0.064,0.59,3.33,6
0.99532,8,14,10.5,0.21,1.9,41,1.18,0.083,0.47,3.34,5
0.99558,7,20,10.1,0.21,2.3,65,0.36,0.086,0.54,3.4,6
0.99556,7,24,10.1,0.21,2.4,69,0.36,0.086,0.53,3.4,6
0.99616,7.5,17,9.8,0.27,2,91,0.63,0.083,0.58,3.26,6
0.99258,5.4,16,12.5,0,1.2,46,0.74,0.041,0.59,4.01,6
0.99638,9.9,10,11.9,0.46,2.2,41,0.44,0.091,0.69,3.18,6
0.99616,7.5,17,9.8,0.27,2,91,0.63,0.083,0.58,3.26,6
0.99652,9.1,18,9.1,0.68,1.7,64,0.76,0.414,1.33,2.9,6
0.99796,9.7,12,10.1,0.34,2.6,88,0.66,0.094,0.66,3.26,5
0.99258,5,16,12.5,0,1.2,46,0.74,0.041,0.59,4.01,6
0.99392,9.1,9,11.4,0.42,1.8,18,0.34,0.058,0.55,3.18,5
0.99495,9.1,21,11,0.39,1.8,55,0.36,0.06,0.82,3.18,7
0.9948,6.7,18,10.6,0.24,1.7,34,0.46,0.077,0.6,3.39,6
0.9948,6.7,18,10.6,0.24,1.7,34,0.46,0.077,0.6,3.39,6
0.9948,6.7,18,10.6,0.24,1.7,34,0.46,0.077,0.6,3.39,6
0.9948,6.7,18,10.6,0.24,1.7,34,0.46,0.077,0.6,3.39,6
0.9955,6.5,13,9.3,0.11,1.8,38,0.52,0.073,0.52,3.34,5
0.99616,7.4,17,9.8,0.26,2.1,91,0.6,0.083,0.56,3.29,6
0.99616,7.4,17,9.8,0.26,2.1,91,0.6,0.083,0.56,3.29,6
0.99668,7.8,31,9.2,0.26,3.8,67,0.87,0.107,0.46,3.26,5
0.99581,8.4,6,9.7,0.1,1.7,25,0.39,0.075,0.43,3.09,6
0.9976,9.1,12,9.6,0.22,2.2,48,0.775,0.079,0.51,3.18,5
0.99608,7.2,4,10,0,2,11,0.835,0.166,0.52,3.39,5
0.99387,6.6,19,12.6,0.02,2.4,40,0.58,0.069,0.66,3.38,6
0.99448,6,15,9.5,0,1.4,26,0.5,0.057,0.45,3.36,5
0.99448,6,15,9.5,0,1.4,26,0.5,0.057,0.45,3.36,5
0.99448,6,15,9.5,0,1.4,26,0.5,0.057,0.45,3.36,5
0.99538,7.5,13,10.5,0.02,1.7,31,0.51,0.084,0.54,3.36,6
0.99538,7.5,13,10.5,0.02,1.7,31,0.51,0.084,0.54,3.36,6
0.99538,7.5,13,10.5,0.02,1.7,31,0.51,0.084,0.54,3.36,6
0.99589,7.6,17,10.4,0.02,1.7,31,0.54,0.085,0.51,3.37,6
0.99538,7.5,13,10.5,0.02,1.7,31,0.51,0.084,0.54,3.36,6
0.99852,11.5,8,11,0.48,2.6,20,0.42,0.077,0.53,3.09,5
0.99613,8.2,10,10.2,0.24,2.3,28,0.44,0.063,0.53,3.25,6
0.99472,6.1,5,11.4,0.01,2.1,13,0.59,0.056,0.56,3.52,5
0.99587,7.2,7,9.5,0.03,1.8,12,0.655,0.078,0.39,3.34,5
0.99587,7.2,7,9.5,0.03,1.8,12,0.655,0.078,0.39,3.34,5
0.99518,6.9,21,10.8,0,2.8,41,0.57,0.081,0.52,3.41,5
0.99654,9,32,10,0.29,2,73,0.6,0.069,0.57,3.34,5
0.99332,7.2,8,11.8,0.01,2.3,46,0.62,0.065,0.51,3.32,6
0.9969,7.6,14,10.3,0.03,1.9,57,0.645,0.086,0.46,3.37,5
0.9969,7.6,14,10.3,0.03,1.9,57,0.645,0.086,0.46,3.37,5
0.99568,7.2,7,10,0.03,2.3,28,0.58,0.077,0.52,3.35,5
0.99464,6.1,5,10.1,0.25,1.8,32,0.32,0.086,0.44,3.36,5
0.99464,6.1,4,10.1,0.25,1.8,28,0.34,0.084,0.44,3.36,5
0.99648,7.3,27,11.1,0.24,2.5,67,0.43,0.078,0.59,3.6,6
0.99736,7.4,52,9.5,0.17,5.4,98,0.64,0.168,0.5,3.28,5
0.99704,11.6,6,10.03333333,0.4,1.4,28,0.475,0.091,0.65,3.07,6
0.99699,9.2,11,10.9,0.31,2.3,38,0.54,0.112,0.56,3.24,5
0.99724,8.3,13,10.1,0.14,2.5,54,0.85,0.093,0.54,3.36,5
0.99704,11.6,6,10.03333333,0.4,1.4,28,0.475,0.091,0.65,3.07,6
0.99652,8,11,9.8,0.27,2,63,0.83,0.08,0.48,3.29,4
0.995,7.2,10,11.8,0.02,1.9,31,0.605,0.096,0.53,3.46,6
0.9971,7.8,10,9.5,0.09,2.2,42,0.5,0.115,0.62,3.18,5
0.99576,7.3,10,9.8,0.08,1.7,45,0.74,0.094,0.5,3.24,5
0.99725,6.9,9,10.5,0.3,2.2,105,0.54,0.088,1.18,3.25,6
0.99656,8,16,9.8,0.32,2.1,74,0.77,0.079,0.5,3.27,6
0.99396,6.6,4,10.4,0,1.6,8,0.61,0.069,0.37,3.33,4
0.99623,8.7,12,9.2,0.51,1.7,66,0.78,0.415,1.17,3,5
0.99476,7.5,5,11.6,0.56,3.1,14,0.58,0.153,1.03,3.21,6
0.99623,8.7,12,9.2,0.51,1.7,66,0.78,0.415,1.17,3,5
0.99664,7.7,34,9.3,0.27,3.8,89,0.75,0.11,0.45,3.24,5
0.99471,6.8,16,9.8,0,1.2,29,0.815,0.267,0.51,3.32,3
0.99586,7.2,13,9.9,0.26,2,100,0.56,0.083,0.52,3.26,5
0.9946,8.2,7,10,0.2,1.4,31,0.885,0.086,0.46,3.11,5
0.9953,5.2,23,12.2,0.26,2.3,74,0.49,0.09,0.62,3.71,6
0.99609,7.2,10,9.9,0.15,2,28,0.45,0.078,0.51,3.29,6
0.99557,7.5,11,10.8,0.02,2.6,35,0.57,0.077,0.62,3.36,6
0.99557,7.5,11,10.8,0.02,2.6,35,0.57,0.077,0.62,3.36,6
0.99534,6.8,4,9.6,0.09,1.8,25,0.83,0.074,0.45,3.38,5
0.99613,8,25,9.9,0.22,2.1,105,0.6,0.08,0.49,3.3,5
0.99613,8,25,9.9,0.22,2.1,105,0.6,0.08,0.49,3.3,5
0.99593,7.1,20,9.5,0.15,1.8,84,0.755,0.107,0.5,3.19,5
0.99668,8,34,9.2,0.25,3.4,85,0.81,0.076,0.42,3.19,5
0.9961,7.4,8,9.6,0.07,1.8,23,0.64,0.1,0.58,3.3,5
0.9961,7.4,8,9.6,0.07,1.8,23,0.64,0.1,0.58,3.3,5
0.99718,6.6,7,10.3,0.31,6.1,49,0.64,0.083,0.68,3.35,5
0.99524,6.7,36,9.7,0.02,2.2,111,0.48,0.08,0.53,3.1,5
0.99292,6,15,12.5,0,2.3,33,0.49,0.068,0.59,3.58,6
0.99612,8,5,11,0.22,2.4,33,0.64,0.094,0.58,3.37,5
0.9942,7.1,5,9.8,0.06,1.3,12,0.62,0.07,0.48,3.17,5
0.99612,8,19,10.2,0.25,2,59,0.52,0.078,0.48,3.3,5
0.99669,6.4,27,9.2,0.14,3.9,73,0.57,0.07,0.48,3.32,5
0.99745,8.6,3,9.55,0.1,1.6,12,0.685,0.092,0.65,3.31,6
0.99745,8.7,4,9.55,0.1,1.6,11,0.675,0.09,0.65,3.31,5
0.99584,7.3,17,9.9,0.26,2,104,0.59,0.08,0.52,3.28,5
0.9966,7,13,10.2,0.12,2.2,28,0.6,0.083,0.62,3.52,7
0.9956,7.2,10,11.1,0,2.2,24,0.67,0.068,0.72,3.42,6
0.9962,7.9,33,9.9,0.21,2.1,141,0.69,0.08,0.51,3.25,5
0.9962,7.9,33,9.9,0.21,2.1,141,0.69,0.08,0.51,3.25,5
0.9963,7.6,6,11.9,0.42,2,24,0.3,0.052,0.82,3.44,6
0.996,7.2,3,10,0.33,1.7,13,0.33,0.061,1.1,3.23,8
0.9985,8,12,10.7,0.39,2.6,46,0.5,0.082,0.62,3.43,6
0.9952,7.7,18,11.3,0.3,2,34,0.28,0.062,0.9,3.28,7
0.9974,8.2,8,10.9,0.34,5.1,22,0.24,0.062,0.94,3.22,6
0.995,6,40,10.7,0,2.1,54,0.51,0.064,0.93,3.54,6
0.995,8.1,35,12.4,0.36,2.2,53,0.29,0.048,1.01,3.27,7
0.995,6,40,10.7,0,2.1,54,0.51,0.064,0.93,3.54,6
0.9936,6.6,5,11.9,0,1.8,16,0.96,0.082,0.44,3.5,6
0.9963,6.4,8,10.6,0.4,2.4,19,0.47,0.071,0.73,3.56,6
0.9974,8.2,8,10.9,0.34,5.1,22,0.24,0.062,0.94,3.22,6
0.9963,9.9,12,10.1,0.25,2,89,0.57,0.104,0.9,3.04,5
0.9994,10,3,9.6,0.59,2.2,15,0.32,0.077,0.78,3.2,5
0.9966,6.2,8,9.4,0,1.6,18,0.58,0.065,0.84,3.56,5
0.9994,10,3,9.6,0.59,2.2,15,0.32,0.077,0.78,3.2,5
0.9952,7.3,21,12.1,0.33,2.5,37,0.34,0.064,0.77,3.35,7
0.995,7.8,3,9.8,0.01,1.6,19,0.53,0.077,0.46,3.16,5
0.9956,7.7,32,9.9,0.21,2.2,133,0.64,0.077,0.45,3.27,5
0.995,7.8,3,9.8,0.01,1.6,19,0.53,0.077,0.46,3.16,5
0.9965,7.5,24,9.4,0.18,1.6,58,0.4,0.079,0.58,3.34,5
0.9956,7,39,11.4,0,2.1,55,0.54,0.079,0.84,3.39,6
0.9968,6.4,14,11,0.09,3.9,31,0.53,0.123,0.67,3.5,4
0.9974,8.3,8,9.6,0.37,1.4,23,0.26,0.076,0.7,3.26,6
0.9974,8.3,8,9.6,0.37,1.4,23,0.26,0.076,0.7,3.26,6
0.9971,7.7,23,12.1,0.37,1.8,60,0.23,0.046,0.71,3.41,6
0.9957,7.6,6,11.2,0.33,2.5,23,0.41,0.078,0.58,3.3,5
0.9962,7.8,27,11,0,1.9,55,0.64,0.072,0.63,3.31,5
0.996,7.9,38,11.3,0.4,2.2,67,0.18,0.049,0.93,3.33,5
0.9956,7.4,18,10.4,0.24,1.8,47,0.41,0.066,0.62,3.37,5
0.9958,7.6,13,9.9,0.31,2.1,74,0.43,0.069,0.54,3.26,6
0.9944,5.9,3,11.7,0,1.6,11,0.44,0.042,0.85,3.48,6
0.9955,6.1,11,10.1,0.16,1.8,25,0.4,0.069,0.74,3.42,7
1.00369,10.2,55,9,0.37,15.4,95,0.54,0.214,0.77,3.18,6
1.00369,10.2,55,9,0.37,15.4,95,0.54,0.214,0.77,3.18,6
0.99914,10,27,8.5,0.38,1.6,90,0.38,0.169,0.65,3.15,5
0.99577,6.8,15,11.1,0.29,4.8,39,0.915,0.07,0.54,3.53,5
0.996,7,3,10.3,0,1.7,8,0.59,0.052,0.47,3.41,5
0.99566,7.3,31,11.06666667,0.02,2.2,92,0.67,0.072,0.68,3.32,6
0.9947,7.2,15,11.3,0.32,2,28,0.37,0.062,0.73,3.23,7
0.99713,7.4,19,9.566666667,0.19,5.2,98,0.785,0.094,0.52,3.16,6
0.99712,6.9,18,9.8,0.02,1.9,30,0.63,0.078,0.75,3.4,5
0.99322,6.9,8,11.7,0.2,1.75,22,0.58,0.058,0.49,3.38,5
0.99566,7.3,31,11.1,0.02,2.2,92,0.67,0.072,0.68,3.32,6
0.99713,7.4,19,9.6,0.19,5.2,98,0.785,0.094,0.52,3.16,6
0.99712,6.9,18,9.8,0.02,1.9,30,0.63,0.078,0.75,3.4,5
0.99701,6.8,22,9.7,0,1.9,39,0.67,0.08,0.74,3.4,5
0.99683,6.9,40,9.7,0.01,1.9,54,0.58,0.08,0.73,3.4,5
0.99472,7.2,15,11.3,0.31,2,29,0.38,0.056,0.76,3.23,8
0.9947,7.2,15,11.3,0.32,2,28,0.37,0.062,0.73,3.23,7
0.99732,7.8,8,11,0.44,2.7,17,0.32,0.104,0.78,3.33,7
0.99374,6.6,37,11.6,0.02,2,53,0.58,0.062,0.76,3.35,7
0.99706,7.6,27,9,0.33,1.9,85,0.49,0.074,0.58,3.41,5
0.99974,11.7,7,10.9,0.63,2.2,23,0.45,0.073,0.69,3.21,6
0.99467,6.5,9,10.9,0,1.6,17,0.9,0.052,0.63,3.5,6
0.99236,6,38,10.55,0.06,1.8,89,0.54,0.05,0.5,3.3,6
0.99706,7.6,27,9,0.33,1.9,85,0.49,0.074,0.58,3.41,5
0.99603,8.4,8,10.5,0.4,1.7,20,0.29,0.067,0.6,3.39,5
0.99458,7.9,7,11.9,0.35,1.7,15,0.2,0.054,0.8,3.32,7
0.99724,6.4,34,10.4,0.09,2.3,64,0.42,0.054,0.68,3.41,6
0.99664,6.2,6,10,0,2.1,13,0.785,0.06,0.61,3.59,4
0.99545,6.8,14,10.4,0.03,2.3,31,0.64,0.075,0.58,3.36,6
0.99522,6.9,14,10.8,0.01,2.4,39,0.63,0.076,0.53,3.34,6
0.9958,6.8,34,9.7,0.1,1.7,53,0.59,0.063,0.67,3.41,5
0.9958,6.8,34,9.7,0.1,1.7,53,0.59,0.063,0.67,3.41,5
0.99728,7.3,31,10,0.32,2.1,54,0.48,0.062,0.65,3.3,7
0.99648,6.7,19,11,0.08,2.3,32,1.04,0.067,0.57,3.52,4
0.99728,7.3,31,10,0.32,2.1,54,0.48,0.062,0.65,3.3,7
0.99705,7.3,20,9.7,0.05,2.1,49,0.98,0.061,0.55,3.31,3
0.99578,10,8,9.7,0.11,1.4,24,0.69,0.084,0.47,2.88,5
0.99334,6.7,8,12.6,0.08,3.75,16,0.7,0.067,0.52,3.43,5
0.99656,7.6,23,11.1,0.6,2.6,44,0.35,0.073,0.79,3.38,6
0.99336,6.1,14,11,0.08,1.8,45,0.6,0.071,0.54,3.38,5
1.00242,9.9,48,8.8,0.5,13.8,82,0.5,0.205,0.75,3.16,5
0.99182,5.3,16,13.56666667,0.11,2.2,89,0.47,0.048,0.88,3.54,7
1.00242,9.9,48,8.8,0.5,13.8,82,0.5,0.205,0.75,3.16,5
0.99182,5.3,16,13.6,0.11,2.2,89,0.47,0.048,0.88,3.54,7
0.99808,7.1,3,10.2,0.05,5.7,14,0.875,0.082,0.52,3.4,3
0.99828,8.2,10,10.6,0.6,3,22,0.28,0.104,0.68,3.39,5
0.99498,5.6,6,10.1,0.03,1.5,13,0.62,0.08,0.62,3.66,4
0.99828,8.2,10,10.6,0.6,3,22,0.28,0.104,0.68,3.39,5
0.99719,7.2,3,10.3,0.54,2.1,9,0.58,0.114,0.57,3.33,4
0.99542,8.1,6,10.7,0.44,1.5,12,0.33,0.042,0.61,3.35,5
0.99592,6.8,4,10.9,0.06,2,11,0.91,0.06,0.64,3.53,4
0.99606,7,8,9.7,0.16,2.1,25,0.655,0.074,0.55,3.37,5
0.99546,6.8,9,10.3,0.21,2.1,23,0.68,0.07,0.6,3.38,5
0.99496,6,9,10.6,0.05,1.9,17,0.64,0.066,0.78,3.52,5
0.9942,5.6,5,11.4,0.04,1.7,13,0.54,0.049,0.58,3.72,5
0.99448,6.2,4,10.8,0.1,2.1,11,0.57,0.048,0.76,3.44,6
0.99344,7.1,8,12.4,0.49,1.8,18,0.22,0.039,0.56,3.39,6
0.9942,5.6,5,11.4,0.04,1.7,13,0.54,0.049,0.58,3.72,5
0.99348,6.2,6,11.95,0.06,1.6,18,0.65,0.05,0.54,3.57,5
0.99636,7.7,23,9.7,0.26,1.9,147,0.54,0.089,0.59,3.26,5
0.99459,6.4,15,10,0.09,1.4,28,0.31,0.066,0.7,3.42,7
0.99492,7,15,10.6,0.02,1.9,28,0.43,0.08,0.81,3.35,6
0.99636,7.7,23,9.7,0.26,1.9,147,0.54,0.089,0.59,3.26,5
0.99508,6.9,7,11.5,0.03,2.3,16,0.74,0.054,0.63,3.45,6
0.99582,6.6,7,10.8,0.04,2.3,13,0.895,0.068,0.58,3.53,6
0.99508,6.9,7,11.5,0.03,2.3,16,0.74,0.054,0.63,3.45,6
0.99508,7.5,8,9.6,0.04,1.5,15,0.725,0.076,0.53,3.26,5
0.99642,7.8,21,9.4,0.29,4.3,64,0.82,0.083,0.53,3.16,5
0.99638,7.3,15,9.8,0.18,2.4,60,0.585,0.078,0.54,3.31,5
0.99555,6.2,6,11,0.39,2.5,14,0.44,0.077,0.69,3.51,6
0.99605,7.5,5,11.4,0.57,2.3,12,0.38,0.106,0.55,3.36,6
0.996,6.7,6,9.95,0.02,1.8,12,0.76,0.078,0.63,3.55,3
0.99562,6.8,6,10.8,0.05,2,14,0.81,0.07,0.66,3.51,6
0.99605,7.5,5,11.4,0.57,2.3,12,0.38,0.106,0.55,3.36,6
0.99814,7.1,17,10.6,0.6,2.1,25,0.27,0.074,0.72,3.38,6
0.9941,7.9,7,11.1,0.4,1.8,20,0.18,0.062,0.7,3.28,5
0.99661,6.4,26,9.7,0.21,2.2,48,0.36,0.047,0.77,3.47,6
0.99712,7.1,19,9.8,0.04,2.1,27,0.69,0.068,0.67,3.44,5
0.99588,6.4,11,10.4,0.04,2.2,17,0.79,0.061,0.65,3.53,6
0.99294,6.4,17,10.5,0.15,1.8,65,0.56,0.078,0.6,3.33,6
0.99842,6.9,16,9.233333333,0.21,4.1,65,0.84,0.074,0.72,3.53,6
0.99842,6.9,16,9.25,0.21,4.1,65,0.84,0.074,0.72,3.53,6
0.99633,6.1,23,10.6,0.25,2.3,58,0.32,0.071,0.97,3.42,5
0.99489,6.5,29,10.3,0.06,2,44,0.53,0.063,0.83,3.38,6
0.99647,7.4,7,10.5,0.46,2.2,20,0.47,0.114,0.63,3.32,5
0.99665,6.6,14,10.2,0.08,2.6,27,0.7,0.106,0.58,3.44,5
0.99489,6.5,29,10.3,0.06,2,44,0.53,0.063,0.83,3.38,6
0.99585,6.9,9,9.05,0.2,1.9,23,0.48,0.082,0.43,3.39,4
0.99633,6.1,23,10.6,0.25,2.3,58,0.32,0.071,0.97,3.42,5
0.9953,6.8,29,10.4,0.25,2,61,0.48,0.076,0.6,3.34,5
0.99522,6,22,10,0.19,2,47,0.42,0.075,0.78,3.39,6
0.99552,6.7,18,9.7,0.08,2.1,34,0.48,0.064,0.64,3.33,5
0.99553,6.8,18,9.6,0.08,2.2,38,0.47,0.064,0.65,3.3,6
0.9951,7.1,15,10.8,0.07,1.7,24,0.53,0.071,0.66,3.29,6
0.99714,7.9,21,10.1,0.49,2.2,59,0.29,0.096,0.67,3.31,6
0.99608,7.1,42,10.2,0.08,2.1,52,0.69,0.063,0.6,3.42,6
0.99444,6.6,9,11.3,0.09,2.2,18,0.44,0.063,0.69,3.42,6
0.99631,6.1,13,10.2,0.1,2.8,28,0.705,0.081,0.66,3.6,5
0.99573,7.2,18,9.9,0.13,2,22,0.53,0.058,0.68,3.21,6
0.99717,8,32,9,0.3,1.9,84,0.39,0.074,0.61,3.39,5
0.99397,6.6,13,11.7,0.14,2.4,29,0.56,0.064,0.62,3.42,7
0.9959,7,15,9.7,0.13,2.2,35,0.55,0.075,0.59,3.36,6
0.99528,6.1,24,10.3,0.08,1.9,45,0.53,0.077,0.68,3.6,6
0.99484,5.4,20,10.2,0.08,1.9,31,0.58,0.059,0.64,3.5,6
0.99538,6.2,15,12,0.09,2.5,26,0.64,0.081,0.63,3.57,5
0.99714,7.2,34,9.9,0.32,1.8,60,0.39,0.065,0.78,3.46,5
0.99646,6.2,11,11.6,0.08,4.4,32,0.52,0.071,0.63,3.56,6
0.99666,7.4,19,10.9,0.29,2.2,49,0.25,0.054,0.76,3.4,7
0.99472,6.7,29,10.75,0.02,1.9,38,0.855,0.064,0.56,3.3,6
0.99758,11.1,14,10.4,0.42,2.2,19,0.44,0.064,0.57,3.25,6
0.9955,8.4,12,11.2,0.43,2.3,19,0.37,0.063,0.81,3.17,7
0.99531,6.5,16,10.1,0.33,1.8,28,0.63,0.059,0.64,3.36,6
0.99575,7,17,10.2,0.02,2,26,0.57,0.072,0.61,3.36,5
0.99306,6.3,12,12.1,0.1,1.6,26,0.6,0.048,0.51,3.55,5
0.99783,11.2,19,10.4,0.5,2,50,0.4,0.099,0.58,3.1,5
0.99419,7.4,17,11.4,0.3,1.8,24,0.36,0.074,0.7,3.24,8
0.99783,7.1,17,9.5,0,2.3,26,0.68,0.087,0.53,3.45,5
0.99768,7.1,18,9.4,0,2.3,27,0.67,0.083,0.54,3.44,5
0.99586,6.3,32,11.3,0.01,3.7,54,0.68,0.103,0.66,3.51,6
0.99765,7.3,18,9.4,0,2.2,28,0.735,0.08,0.6,3.41,5
0.99627,6.6,15,11,0.02,2.4,23,0.855,0.062,0.6,3.54,6
0.99514,7,15,10.55,0.17,1.7,24,0.56,0.065,0.68,3.44,7
0.99636,6.6,12,9.9,0.04,2.2,20,0.88,0.066,0.56,3.53,5
0.99627,6.6,15,11,0.02,2.4,23,0.855,0.062,0.6,3.54,6
0.99787,6.9,66,9.5,0.33,6.7,115,0.63,0.235,0.56,3.22,5
0.99622,7.8,31,9.9,0.26,2,131,0.6,0.08,0.52,3.21,5
0.99622,7.8,31,9.9,0.26,2,131,0.6,0.08,0.52,3.21,5
0.99622,7.8,31,9.9,0.26,2,131,0.6,0.08,0.52,3.21,5
0.99546,7.2,12,10.1,0.13,2,20,0.695,0.076,0.54,3.29,5
0.99546,7.2,12,10.1,0.13,2,20,0.695,0.076,0.54,3.29,5
0.99546,7.2,12,10.1,0.13,2,20,0.695,0.076,0.54,3.29,5
0.99489,6.7,26,10.9,0.02,1.9,42,0.67,0.061,0.82,3.39,6
0.99494,6.7,24,11.2,0.64,2.1,52,0.16,0.059,0.71,3.34,6
0.99546,7.2,12,10.1,0.13,2,20,0.695,0.076,0.54,3.29,5
0.99629,7,25,9.2,0.13,1.6,42,0.56,0.077,0.59,3.34,5
0.99396,6.2,15,11.5,0.14,1.9,34,0.51,0.056,0.57,3.48,6
0.9934,6.4,19,12.4,0.53,2.2,35,0.36,0.23,0.93,3.37,6
0.99514,6.4,15,11.1,0.14,2.2,25,0.38,0.038,0.65,3.44,6
0.99632,7.3,35,9.5,0.32,2.2,104,0.69,0.069,0.51,3.33,5
0.99467,6,15,12.5,0.2,2.4,50,0.58,0.075,0.67,3.58,6
0.99677,5.6,23,10.5,0.78,13.9,92,0.31,0.074,0.48,3.39,6
0.99474,7.5,12,11.8,0.4,2.2,20,0.52,0.06,0.64,3.26,6
0.99588,8,16,10.8,0.63,1.6,29,0.3,0.081,0.78,3.3,6
0.99622,6.2,13,11.9,0.15,5.1,27,0.7,0.076,0.6,3.54,6
0.9954,6.8,13,11.3,0.15,1.8,20,0.67,0.118,0.67,3.42,6
0.99402,6.2,24,11.3,0.09,1.7,32,0.56,0.053,0.6,3.54,5
0.9947,7.4,9,11.9,0.33,2.4,26,0.35,0.068,0.6,3.36,6
0.99402,6.2,24,11.3,0.09,1.7,32,0.56,0.053,0.6,3.54,5
0.99362,6.1,13,11.9,0.1,2.6,27,0.715,0.053,0.5,3.57,5
0.99578,6.2,32,9.8,0.29,2.1,98,0.46,0.074,0.62,3.33,5
0.99484,6.7,24,11.6,0.44,2.4,34,0.32,0.061,0.8,3.29,7
0.99494,7.2,22,11.5,0.44,2.6,48,0.39,0.066,0.84,3.3,6
0.99492,7.5,34,11.4,0.41,2.4,60,0.31,0.065,0.85,3.34,6
0.99483,5.8,18,10.9,0.11,1.8,28,0.61,0.066,0.66,3.55,6
0.99414,7.2,34,12.8,0.33,2.5,102,0.66,0.068,0.78,3.27,6
0.9977,6.6,29,9.2,0.2,7.8,79,0.725,0.073,0.54,3.29,5
0.99314,6.3,26,11.6,0.15,1.8,35,0.55,0.077,0.82,3.32,6
0.99402,5.4,16,11.6,0.09,1.7,26,0.74,0.089,0.56,3.67,6
0.99574,6.3,29,11,0.13,2.3,40,0.51,0.076,0.75,3.42,6
0.99651,6.8,28,9.5,0.08,1.9,38,0.62,0.068,0.82,3.42,6
0.9949,6.2,32,10.5,0.08,2,44,0.6,0.09,0.58,3.45,5
0.99512,5.9,39,11.2,0.1,2.2,51,0.55,0.062,0.76,3.52,6
0.99574,6.3,29,11,0.13,2.3,40,0.51,0.076,0.75,3.42,6
0.99547,5.9,32,10.2,0.12,2,44,0.645,0.075,0.71,3.57,5
0.99549,6,18,11,0.47,3.6,42,0.31,0.067,0.66,3.39,6
